"IRD_ID","IRD_VEH_ID","IRD_TRIP_ID","IRD_DEV_START_AT","IRD_DEV_END_AT","IRD_DEV_START_LOC","IRD_DEV_START_CITY","IRD_DEV_START_DIS","IRD_DEV_START_STATE","IRD_DEV_END_LOC","IRD_DEV_END_CITY","IRD_DEV_END_DIS","IRD_DEV_END_STATE","IRD_DEV_DUR_IN_MINS","IRD_DEV_CREATED_AT","IRD_DEV_CREATED_BY","IRD_DEV_UPDATED_AT","IRD_DEV_UPDATED_BY","IRD_DEV_MSG","IRD_IS_DONE","IS_CHECKED"
160976,"1730","0682069476","2015-10-09 09:53:29","2015-10-09 10:10:01","0.23 Km. SE From BIJWASAN TERMINAL","Delhi"," Delhi","Delhi","0.06 Km. N From DELHI TERMINAL","Delhi"," Delhi","Delhi",16,"2015-10-09 16:35:06","PROC_ROUTE_DEVIATION_ALERT",,,"N",0,0
160975,"6348","0682069514","2015-10-09 11:04:24","2015-10-09 11:11:16","0.53 Km. NW From SIDHARTH AUTOMOBILES","Nagina"," Bijnor","Uttar Pradesh","0.27 Km. NE From Nandpur","Nagina"," Bijnor","Uttar Pradesh",6,"2015-10-09 16:34:12","PROC_ROUTE_DEVIATION_ALERT",,,"N",0,0
160974,"6348","0682069514","2015-10-09 10:54:15","2015-10-09 10:59:48","0.98 Km. W From Bundki","Najibabad"," Bijnor","Uttar Pradesh","0.96 Km. S From Hagarur","Najibabad"," Bijnor","Uttar Pradesh",5,"2015-10-09 16:34:12","PROC_ROUTE_DEVIATION_ALERT",,,"N",0,0
160973,"2031","0682068310","2015-10-09 15:12:09","2015-10-09 15:19:53","0.37 Km.  W From Fatehabad","Fatehabad"," Fatehabad","Haryana","0.64 Km. W From INDORA FILLING STATION","Fatehabad"," Fatehabad","Haryana",7,"2015-10-09 16:31:37","PROC_ROUTE_DEVIATION_ALERT",,,"N",0,0
160972,"2244","0682068035","2015-10-09 09:23:22","2015-10-09 09:36:04","0.08 Km. SE From SIDDARTH FILLING STATION","Ambala"," Ambala","Haryana","0.03 Km. S From SIDDARTH FILLING STATION","Ambala"," Ambala","Haryana",12,"2015-10-09 16:29:00","PROC_ROUTE_DEVIATION_ALERT",,,"N",0,0
160971,"2244","0682068035","2015-10-09 09:15:52","2015-10-09 09:22:52","0.02 Km. SE From SIDDARTH FILLING STATION","Ambala"," Ambala","Haryana","0.04 Km. S From SIDDARTH FILLING STATION","Ambala"," Ambala","Haryana",7,"2015-10-09 16:28:58","PROC_ROUTE_DEVIATION_ALERT",,,"N",0,0
160970,"2790","0682069446","2015-10-09 14:11:57","2015-10-09 14:17:38","1.94 Km. NW From Theka Wine Shop","Bhiwani"," Bhiwani","Haryana","0.83 Km. SE From Sangariya Railway Station","Bhiwani"," Bhiwani","Haryana",5,"2015-10-09 16:26:43","PROC_ROUTE_DEVIATION_ALERT",,,"N",0,1
160969,"6703","0682069474","2015-10-09 10:39:07","2015-10-09 11:02:29","0.62 Km. SW From State Bank","Jalandhar - II"," - II,"," II,Jalandhar-Punjab","0.02 Km. SW From SHIVA SHAKTI FILLING STN-281","Kapurthala"," -281;Kapurthala,","281;Kapurthala,Kapurthala-Punjab",23,"2015-10-09 16:23:44","PROC_ROUTE_DEVIATION_ALERT",,,"N",0,1
160968,"6703","0682069474","2015-10-09 10:04:03","2015-10-09 10:15:05","0.06 Km. NW From JALANDHAR TERMINAL","Jalandhar - I"," - I,"," I,Jalandhar-Punjab","0.09 Km. N From JALANDHAR TERMINAL","Jalandhar - I"," - I,"," I,Jalandhar-Punjab",11,"2015-10-09 16:23:41","PROC_ROUTE_DEVIATION_ALERT",,,"N",0,1
160967,"5418","0682069410","2015-10-09 12:46:04","2015-10-09 13:10:14","3.56 Km. NW From D N Palya bust stand","Nelamangala"," Bangalore (Rural)","Karnataka","0.12 Km. SW From Davangere Benne Dosa Shack","Nelamangala"," Bangalore (Rural)","Karnataka",24,"2015-10-09 16:22:46","PROC_ROUTE_DEVIATION_ALERT",,,"N",0,1
160966,"1222","0682069258","2015-10-09 12:07:38","2015-10-09 12:31:57","3.92 Km.  SE From Lalgopalganj","Soraon"," Pratapgarh","Uttar Pradesh","0.29 Km. N From SHAHEED VIJAY FILLING STATION","Soraon"," Allahabad","Uttar Pradesh",24,"2015-10-09 16:21:25","PROC_ROUTE_DEVIATION_ALERT",,,"N",0,1
160965,"1222","0682069258","2015-10-09 09:52:00","2015-10-09 10:18:42","0.22 Km. S From Indian Oil Corporation","Allahabad"," Allahabad","Uttar Pradesh","0.00 Km. NE From Main Gate-Allahabad Terminal","Allahabad"," -Allahabad Terminal;Allahabad,","Allahabad Terminal;Allahabad,Allahabad-Uttar Pradesh",26,"2015-10-09 16:21:18","PROC_ROUTE_DEVIATION_ALERT",,,"N",0,1
160964,"7021","0682069365","2015-10-09 10:04:09","2015-10-09 10:15:10","0.12 Km. N From Prakash Dhaba","Gonda"," Gonda","Uttar Pradesh","0.04 Km. N From GONDA DEPOT","Gonda"," Gonda","Uttar Pradesh",11,"2015-10-09 16:16:57","PROC_ROUTE_DEVIATION_ALERT",,,"N",0,1
160963,"1970","0682069302","2015-10-09 09:52:41","2015-10-09 10:06:25","0.06 Km. W From JALANDHAR TERMINAL","Jalandhar - I"," - I,"," I,Jalandhar-Punjab","0.10 Km. N From JALANDHAR TERMINAL","Jalandhar - I"," - I,"," I,Jalandhar-Punjab",13,"2015-10-09 16:13:52","PROC_ROUTE_DEVIATION_ALERT",,,"N",0,1
160962,"3766","0682068989","2015-10-09 15:43:49","2015-10-09 15:51:33","0.85 Km. E From FRIGERIO CONSERVA ALLANA LTD","Koil"," Aligarh","Uttar Pradesh","0.03 Km. NW From Canal Vishal Place","Koil"," Aligarh","Uttar Pradesh",7,"2015-10-09 16:11:23","PROC_ROUTE_DEVIATION_ALERT",,,"N",0,1
160961,"3766","0682068989","2015-10-09 15:43:49","2015-10-09 15:51:33","0.85 Km. E From FRIGERIO CONSERVA ALLANA LTD","Koil"," Aligarh","Uttar Pradesh","0.03 Km. NW From Canal Vishal Place","Koil"," Aligarh","Uttar Pradesh",7,"2015-10-09 16:11:05","PROC_ROUTE_DEVIATION_ALERT",,,"N",0,1
160960,"4870","0682069344","2015-10-09 12:14:33","2015-10-09 12:21:05","0.01 Km.  SE From Srnivasa Bar & , Sunkadakatte (Near Viranpalya)",", Sunkadakatte (Near Viranpalya);","  Sunkadakatte (Near Viranpalya);Banglore,Banglore","Karnataka","0.04 Km. S From Sankranti Family Garden Restaurant","Banglore"," Banglore","Karnataka",6,"2015-10-09 16:08:42","PROC_ROUTE_DEVIATION_ALERT",,,"N",0,1
160959,"4870","0682069344","2015-10-09 11:47:09","2015-10-09 11:54:07","0.02 Km.  SW From KRS Gowda Open Air , HMT Colony",", HMT Colony;","  HMT Colony;Banglore,Banglore","Karnataka","0.03 Km.  NE From Reliance Fresh , Raja Industrial Estate",", Raja Industrial Estate;","  Raja Industrial Estate;Banglore,Banglore","Karnataka",6,"2015-10-09 16:08:39","PROC_ROUTE_DEVIATION_ALERT",,,"N",0,1
160958,"303","0682069128","2015-10-09 09:49:06","2015-10-09 10:14:27","0.02 Km. NE From Jayrampur","Jhansi"," Jhansi","Uttar Pradesh","0.00 Km. E From Jiwali","Jhansi"," Jhansi","Uttar Pradesh",25,"2015-10-09 16:05:57","PROC_ROUTE_DEVIATION_ALERT",,,"N",0,1
160957,"4032","0682069126","2015-10-09 09:52:10","2015-10-09 10:01:17","0.17 Km. NE From MMT TT EXIT GATE","Mathura"," Mathura","Uttar Pradesh","0.12 Km. N From MMT TT EXIT GATE","Mathura"," Mathura","Uttar Pradesh",9,"2015-10-09 16:04:44","PROC_ROUTE_DEVIATION_ALERT",,,"N",0,1
160956,"4032","0682069126","2015-10-09 09:52:10","2015-10-09 10:01:17","0.17 Km. NE From MMT TT EXIT GATE","Mathura"," Mathura","Uttar Pradesh","0.12 Km. N From MMT TT EXIT GATE","Mathura"," Mathura","Uttar Pradesh",9,"2015-10-09 16:04:18","PROC_ROUTE_DEVIATION_ALERT",,,"N",0,1
160955,"953","0682068598","2015-10-09 14:11:24","2015-10-09 15:59:57","0.43 Km. S From Mahindra Resort","Pratapgarh"," Pratapgarh","Uttar Pradesh","0.05 Km. N From SURYA HIGHWAYS","Kadipur"," Sultanpur","Uttar Pradesh",108,"2015-10-09 16:03:30","PROC_ROUTE_DEVIATION_ALERT",,,"N",0,1
160954,"953","0682068598","2015-10-09 09:54:53","2015-10-09 10:02:21","0.21 Km. NW From TT Parking Area-Allahabad Terminal","Allahabad"," -Allahabad Terminal;Allahabad,","Allahabad Terminal;Allahabad,Allahabad-Uttar Pradesh","0.01 Km. NW From Main Gate-Allahabad Terminal","Allahabad","-Allahabad Terminal;Allahabad,","Allahabad Terminal;Allahabad,Allahabad-Uttar Pradesh",7,"2015-10-09 16:03:18","PROC_ROUTE_DEVIATION_ALERT",,,"N",0,1
160953,"3386","0682069235","2015-10-09 10:22:34","2015-10-09 10:34:31","1.15 Km. SE From Prakash Engineering Works","Rewari"," Rewari","Haryana","0.82 Km. SW From BARMALT (INDIA) LTD","Rewari"," Rewari","Haryana",11,"2015-10-09 15:56:35","PROC_ROUTE_DEVIATION_ALERT",,,"N",0,1
160952,"1767","0682069276","2015-10-09 09:52:29","2015-10-09 10:09:04","0.10 Km. E From SIDDARTH FILLING STATION","Ambala"," Ambala","Haryana","0.01 Km. SE From AOD AMBALA","Ambala"," Ambala","Haryana",16,"2015-10-09 15:55:19","PROC_ROUTE_DEVIATION_ALERT",,,"N",0,1
160951,"6194","0682069161","2015-10-09 15:11:21","2015-10-09 15:18:24","0.39 Km. E From Alkama Public School","Sambhal"," Moradabad","Uttar Pradesh","0.05 Km. SW From JANTA FILLING STATION","Sambhal"," Moradabad","Uttar Pradesh",7,"2015-10-09 15:51:50","PROC_ROUTE_DEVIATION_ALERT",,,"N",0,1
160950,"6194","0682069161","2015-10-09 14:02:23","2015-10-09 14:09:13","0.30 Km. W From SGRR Public School","Amroha"," Jyotiba Phule Nagar","Uttar Pradesh","0.09 Km. E From Kundan Model Inter College, Amroha",", Amroha;","  Amroha;Amroha,Jyotiba Phule Nagar","Uttar Pradesh",6,"2015-10-09 15:51:47","PROC_ROUTE_DEVIATION_ALERT",,,"N",0,1
160949,"6194","0682069161","2015-10-09 10:56:32","2015-10-09 11:09:35","0.23 Km. S From TAYAL AUTO","Najibabad"," Bijnor","Uttar Pradesh","0.46 Km. S From TAYAL AUTO","Najibabad"," Bijnor","Uttar Pradesh",13,"2015-10-09 15:51:40","PROC_ROUTE_DEVIATION_ALERT",,,"N",0,1
160948,"6194","0682069161","2015-10-09 10:19:32","2015-10-09 10:31:32","0.11 Km. N From NAJIBABAD DEPOT","Najibabad"," Bijnor","Uttar Pradesh","0.05 Km. NE From NAJIBABAD DEPOT EXIT GATE","Najibabad"," Bijnor","Uttar Pradesh",12,"2015-10-09 15:51:38","PROC_ROUTE_DEVIATION_ALERT",,,"N",0,1
160947,"5370","0682069155","2015-10-09 10:23:05","2015-10-09 11:15:41","0.91 Km. N From railway track crossing towards white field","Hosakote"," Bangalore (Rural)","Karnataka","0.02 Km. NW From Rpf Fire Station","Banglore"," Banglore","Karnataka",52,"2015-10-09 15:50:39","PROC_ROUTE_DEVIATION_ALERT",,,"N",0,1
160946,"1249","0682068981","2015-10-09 15:22:32","2015-10-09 15:28:02","0.62 Km. S From LATA AUTOMOBILES","Basti"," Sant Kabir Nagar","Uttar Pradesh","1.29 Km. N From ANJANI FILLING STATION","Basti"," Sant Kabir Nagar","Uttar Pradesh",5,"2015-10-09 15:46:51","PROC_ROUTE_DEVIATION_ALERT",,,"N",0,1
160945,"364","0682068818","2015-10-09 14:30:47","2015-10-09 14:37:48","0.21 Km. SW From Baiswara Degree College","Lalganj"," Rae Bareilly","Uttar Pradesh","0.29 Km. E From Subash Cinema","Lalganj"," Rae Bareilly","Uttar Pradesh",7,"2015-10-09 15:46:34","PROC_ROUTE_DEVIATION_ALERT",,,"N",0,1
160944,"364","0682068818","2015-10-09 11:45:58","2015-10-09 11:52:02","0.66 Km. E From Bharat Sanchar Nigam","Unnao"," Unnao","Uttar Pradesh","0.06 Km. SW From VANDAM FILLING STATION ACHALG","Unnao"," Unnao","Uttar Pradesh",6,"2015-10-09 15:46:22","PROC_ROUTE_DEVIATION_ALERT",,,"N",0,1
160943,"5650","0682065956","2015-10-09 12:34:10","2015-10-09 13:08:25","0.07 Km. N From Police Station Arsekary","Arsikere"," Hassan","Karnataka","0.12 Km. S From Kalpataru Institute Of Technology","Tiptur"," Tumkur","Karnataka",34,"2015-10-09 15:45:08","PROC_ROUTE_DEVIATION_ALERT",,,"N",0,1
160942,"6128","0682069234","2015-10-09 10:07:37","2015-10-09 10:14:07","0.12 Km. NE From NAJIBABAD DEPOT","Najibabad"," Bijnor","Uttar Pradesh","0.09 Km. NE From NAJIBABAD DEPOT EXIT GATE","Najibabad"," Bijnor","Uttar Pradesh",6,"2015-10-09 15:42:25","PROC_ROUTE_DEVIATION_ALERT",,,"N",0,1
160941,"2959","0682069121","2015-10-09 11:46:33","2015-10-09 12:01:04","0.89 Km. NE From GURUKANWAR FILLING STATION","Payal"," Ludhiana","Punjab","0.02 Km. NE From S K S GREWAL FUEL POINT","Payal"," Ludhiana","Punjab",14,"2015-10-09 15:41:16","PROC_ROUTE_DEVIATION_ALERT",,,"N",0,1
160940,"2959","0682069121","2015-10-09 10:43:33","2015-10-09 10:49:03","0.35 Km. S From S K FILLING STATION","Dhuri"," Sangrur","Punjab","0.07 Km. S From Indian Oil Corporation Ltd.","Dhuri"," Sangrur","Punjab",5,"2015-10-09 15:41:12","PROC_ROUTE_DEVIATION_ALERT",,,"N",0,1
160939,"2959","0682069121","2015-10-09 10:13:11","2015-10-09 10:18:44","0.86 Km. N From SANGRUR TERMINAL","Sangrur"," Sangrur","Punjab","0.14 Km. NW From State Bank Of Patiala","Sangrur"," Sangrur","Punjab",5,"2015-10-09 15:41:10","PROC_ROUTE_DEVIATION_ALERT",,,"N",0,1
160938,"6943","0682069092","2015-10-09 13:25:47","2015-10-09 13:35:44","0.60 Km. W From Durgashwer Inter College","Safipur"," Unnao","Uttar Pradesh","0.67 Km. W From Durgashwer Inter College","Safipur"," Unnao","Uttar Pradesh",9,"2015-10-09 15:40:29","PROC_ROUTE_DEVIATION_ALERT",,,"N",0,1
160937,"4067","0682069230","2015-10-09 09:51:46","2015-10-09 10:10:23","0.03 Km. E From JALANDHAR TERMINAL","Jalandhar - I"," - I,"," I,Jalandhar-Punjab","0.08 Km. E From Gurunanak General Store","Jalandhar - I"," - I,"," I,Jalandhar-Punjab",18,"2015-10-09 15:39:41","PROC_ROUTE_DEVIATION_ALERT",,,"N",0,1
160936,"5009","0682069216","2015-10-09 09:57:46","2015-10-09 10:05:22","0.17 Km. NE From Indian Oil Corporation Ltd.","Bijapur"," Bijapur","Karnataka","0.07 Km. N From Indian Oil Corporation Ltd.","Bijapur"," Bijapur","Karnataka",7,"2015-10-09 15:37:09","PROC_ROUTE_DEVIATION_ALERT",,,"N",0,1
160935,"6205","0682067895","2015-10-09 13:49:44","2015-10-09 13:56:11","0.38 Km. NW From Uttarakhand Properties","Rishikesh"," Dehradun","Uttaranchal","0.71 Km. SW From SHYAM LAL BALA PRASAD","Rishikesh"," Dehradun","Uttaranchal",6,"2015-10-09 15:35:48","PROC_ROUTE_DEVIATION_ALERT",,,"N",0,1
160934,"6205","0682067895","2015-10-09 09:13:21","2015-10-09 09:27:51","0.09 Km. NE From ROORKEE TOP","Roorkee"," Haridwar","Uttaranchal","0.07 Km. NE From ROORKEE TOP","Roorkee"," Haridwar","Uttaranchal",14,"2015-10-09 15:35:38","PROC_ROUTE_DEVIATION_ALERT",,,"N",0,1
160933,"5622","0682067613","2015-10-09 14:59:18","2015-10-09 15:08:10","0.84 Km. NE From Hotel Sri Raghavendra","Channarayapatna"," Hassan","Karnataka","0.36 Km. NE From KARNATAKA CO-OP  MILK","Channarayapatna"," -OP  MILK;Channarayapatna,","OP  MILK;Channarayapatna,Hassan-Karnataka",8,"2015-10-09 15:34:53","PROC_ROUTE_DEVIATION_ALERT",,,"N",0,1
160932,"5622","0682067613","2015-10-09 13:20:51","2015-10-09 13:52:53","0.05 Km. E From HASSAN TOP","Hassan"," Hassan","Karnataka","0.03 Km. SW From HASSAN TOP","Hassan"," Hassan","Karnataka",32,"2015-10-09 15:34:50","PROC_ROUTE_DEVIATION_ALERT",,,"N",0,1
160931,"5622","0682067613","2015-10-09 10:31:34","2015-10-09 10:39:10","0.15 Km. S From HASSAN TOP","Hassan"," Hassan","Karnataka","0.09 Km. SW From HASSAN TOP","Hassan"," Hassan","Karnataka",7,"2015-10-09 15:34:43","PROC_ROUTE_DEVIATION_ALERT",,,"N",0,1
160930,"1762","0682069073","2015-10-09 10:07:32","2015-10-09 10:16:04","0.14 Km. SE From HARYANA SERVICE STATION","Ambala"," Ambala","Haryana","0.13 Km. NW From AOD AMBALA","Ambala"," Ambala","Haryana",8,"2015-10-09 15:29:27","PROC_ROUTE_DEVIATION_ALERT",,,"N",0,1
160929,"2979","0682069090","2015-10-09 10:08:10","2015-10-09 10:15:04","0.16 Km. W From COMMANDANT","Meerut"," Meerut","Uttar Pradesh","0.62 Km. E From Shivaji Hospital","Meerut"," Meerut","Uttar Pradesh",6,"2015-10-09 15:27:45","PROC_ROUTE_DEVIATION_ALERT",,,"N",0,1
160928,"1493","0682068752","2015-10-09 10:28:27","2015-10-09 10:34:27","0.15 Km. N From Integrated Institute Of Technology","Delhi"," Delhi","Delhi","0.02 Km. E  From Kapurthala House , Dwarka",", Dwarka;","  Dwarka;Delhi,Delhi","Delhi",6,"2015-10-09 15:26:39","PROC_ROUTE_DEVIATION_ALERT",,,"N",0,1
160927,"1493","0682068752","2015-10-09 10:17:56","2015-10-09 10:23:27","0.29 Km. W From Mount Carmel Business School","Delhi"," Delhi","Delhi","0.23 Km. E From Unique Hospital","Delhi"," Delhi","Delhi",5,"2015-10-09 15:26:39","PROC_ROUTE_DEVIATION_ALERT",,,"N",0,1
160926,"7049","0682069061","2015-10-09 12:05:23","2015-10-09 12:12:15","2.41 Km. SE From Almatti Dam","Basavana Bagevadi"," Bijapur","Karnataka","2.95 Km. SE From SHRI REVANSIDDESHWAR PETROLEUM","Basavana Bagevadi"," Bijapur","Karnataka",6,"2015-10-09 15:25:42","PROC_ROUTE_DEVIATION_ALERT",,,"N",0,1
160925,"1888","0682068741","2015-10-09 09:44:54","2015-10-09 09:58:05","0.07 Km. SE From SIDDARTH FILLING STATION","Ambala"," Ambala","Haryana","0.02 Km. SE From SIDDARTH FILLING STATION","Ambala"," Ambala","Haryana",13,"2015-10-09 15:19:48","PROC_ROUTE_DEVIATION_ALERT",,,"N",0,1
160924,"7780","0682068896","2015-10-09 10:14:49","2015-10-09 10:42:29","0.41 Km. S  From Mata , Bijwasan",", Bijwasan;","  Bijwasan;Delhi,Delhi","Delhi","0.35 Km. E From Hotel Clark Greens","Delhi"," Delhi","Delhi",27,"2015-10-09 15:19:06","PROC_ROUTE_DEVIATION_ALERT",,,"N",0,1
160923,"5782","0682068783","2015-10-09 09:43:42","2015-10-09 09:49:10","0.05 Km. SW From MYSORE DEPOT","Mysore"," Mysore","Karnataka","0.05 Km. SW From MYSORE DEPOT","Mysore"," Mysore","Karnataka",5,"2015-10-09 15:13:16","PROC_ROUTE_DEVIATION_ALERT",,,"N",0,1
160922,"1154","0682068432","2015-10-09 10:01:18","2015-10-09 10:06:18","0.27 Km. S From Saroj Devi Girl Inter College","Allahabad"," Allahabad","Uttar Pradesh","0.43 Km. W From Saroj Devi Girl Inter College","Allahabad"," Allahabad","Uttar Pradesh",5,"2015-10-09 15:12:13","PROC_ROUTE_DEVIATION_ALERT",,,"N",0,1
160921,"1125","0682068479","2015-10-09 14:25:02","2015-10-09 15:02:10","0.18 Km. S From DEV SERVICE STATION","Patti"," Pratapgarh","Uttar Pradesh","0.06 Km. N From SURYA PETROLEUM","Lambhua"," Sultanpur","Uttar Pradesh",37,"2015-10-09 15:12:05","PROC_ROUTE_DEVIATION_ALERT",,,"N",0,1
160920,"5643","0682065841","2015-10-09 07:41:39","2015-10-09 08:17:32","0.19 Km. S From HASSAN TOP","Hassan"," Hassan","Karnataka","0.10 Km. SW From HASSAN TOP","Hassan"," Hassan","Karnataka",35,"2015-10-09 15:10:46","PROC_ROUTE_DEVIATION_ALERT",,,"N",0,1
160919,"2774","0682068986","2015-10-09 10:01:21","2015-10-09 10:09:23","0.05 Km. E From Punjab Motors - IOCL","Ambala"," - IOCL;Ambala,"," IOCL;Ambala,Ambala-Haryana","0.04 Km. N From Punjab Motors - IOCL","Ambala"," - IOCL;Ambala,"," IOCL;Ambala,Ambala-Haryana",8,"2015-10-09 15:09:46","PROC_ROUTE_DEVIATION_ALERT",,,"N",0,1
160918,"7136","0682068915","2015-10-09 09:59:10","2015-10-09 10:10:05","0.12 Km. N From Prakash Dhaba","Gonda"," Gonda","Uttar Pradesh","0.05 Km. N From GONDA DEPOT","Gonda"," Gonda","Uttar Pradesh",10,"2015-10-09 15:04:57","PROC_ROUTE_DEVIATION_ALERT",,,"N",0,1
160917,"5434","0682068065","2015-10-09 14:48:44","2015-10-09 14:55:13","1.87 Km. E From Bharat Petroleum Corporation Ltd.","Madhugiri"," Tumkur","Karnataka","0.05 Km. W From SRI SKANDA SERVICE STATION","Madhugiri"," Tumkur","Karnataka",6,"2015-10-09 15:02:49","PROC_ROUTE_DEVIATION_ALERT",,,"N",0,1
160916,"4143","0682069004","2015-10-09 10:01:52","2015-10-09 10:09:22","0.12 Km. SE From HARYANA SERVICE STATION","Ambala"," Ambala","Haryana","0.06 Km. SW From AOD AMBALA","Ambala"," Ambala","Haryana",7,"2015-10-09 14:56:13","PROC_ROUTE_DEVIATION_ALERT",,,"N",0,1
160915,"3220","0682068994","2015-10-09 11:51:57","2015-10-09 11:57:07","0.07 Km. N From Town Nuh","Nuh"," Gurgaon","Haryana","0.07 Km. E From NUH F/STN","Nuh"," Gurgaon","Haryana",5,"2015-10-09 14:53:16","PROC_ROUTE_DEVIATION_ALERT",,,"N",0,1
160914,"3220","0682068994","2015-10-09 10:19:27","2015-10-09 10:29:20","2.60 Km. NW From Bhavna Dhaba","Rewari"," Rewari","Haryana","0.80 Km. SW From BARMALT (INDIA) LTD","Rewari"," Rewari","Haryana",9,"2015-10-09 14:53:13","PROC_ROUTE_DEVIATION_ALERT",,,"N",0,1
160913,"1910","0682068553","2015-10-09 09:52:01","2015-10-09 09:57:36","0.06 Km. NW From JALANDHAR TERMINAL","Jalandhar - I"," - I,"," I,Jalandhar-Punjab","0.10 Km. N From JALANDHAR TERMINAL","Jalandhar - I"," - I,"," I,Jalandhar-Punjab",5,"2015-10-09 14:51:30","PROC_ROUTE_DEVIATION_ALERT",,,"N",0,1
160912,"7166","0682068906","2015-10-09 12:28:36","2015-10-09 12:46:15","2.68 Km. E From Baragaon Toll Plaza","Pindra"," Sant Ravidas Nagar","Uttar Pradesh","0.07 Km. W From Airport Babatpur","Pindra"," Varanasi","Uttar Pradesh",17,"2015-10-09 14:50:55","PROC_ROUTE_DEVIATION_ALERT",,,"N",0,1
160911,"7166","0682068906","2015-10-09 10:48:47","2015-10-09 10:53:53","0.30 Km. W From Indra Dahba","Varanasi"," Varanasi","Uttar Pradesh","0.30 Km. W From Indra Dahba","Varanasi"," Varanasi","Uttar Pradesh",5,"2015-10-09 14:50:44","PROC_ROUTE_DEVIATION_ALERT",,,"N",0,1
160910,"7166","0682068906","2015-10-09 10:15:33","2015-10-09 10:23:00","0.08 Km. W From Saria Village","Chandauli"," Varanasi","Uttar Pradesh","0.01 Km. N From Sanjadpur Village","Chandauli"," Varanasi","Uttar Pradesh",7,"2015-10-09 14:50:41","PROC_ROUTE_DEVIATION_ALERT",,,"N",0,1
160909,"7166","0682068906","2015-10-09 09:40:47","2015-10-09 10:03:22","0.08 Km. N From MUGHALSARAI TERMINAL","Chandauli"," Varanasi","Uttar Pradesh","0.03 Km. NE From MUGHALSARAI TERMINAL","Chandauli"," Varanasi","Uttar Pradesh",22,"2015-10-09 14:50:40","PROC_ROUTE_DEVIATION_ALERT",,,"N",0,1
160908,"5270","0682068887","2015-10-09 11:06:37","2015-10-09 11:26:05","0.19 Km.  SW From Geeta , Belatur",", Belatur;","  Belatur;Banglore,Banglore","Karnataka","0.03 Km.  N From Masjid-E- Noor , B Narayanapura",", B Narayanapura;"," -E- Noor ,","E- Noor , B Narayanapura;Banglore,Banglore-Karnataka",19,"2015-10-09 14:49:41","PROC_ROUTE_DEVIATION_ALERT",,,"N",0,1
160907,"7701","0682068950","2015-10-09 11:10:12","2015-10-09 11:16:07","0.01 Km. S From Kullu Ka Cinema Hall","Kullu"," Kullu","Himachal Pradesh","0.71 Km. S From Mahadevi Tirth","Kullu"," Kullu","Himachal Pradesh",5,"2015-10-09 14:48:50","PROC_ROUTE_DEVIATION_ALERT",,,"N",0,1
160906,"7701","0682068950","2015-10-09 10:42:15","2015-10-09 10:50:47","0.01 Km. N From KULLU DEPOT","Kullu"," Kullu","Himachal Pradesh","0.02 Km. SE From Indian Oil Corporation Ltd.","Kullu"," Kullu","Himachal Pradesh",8,"2015-10-09 14:48:49","PROC_ROUTE_DEVIATION_ALERT",,,"N",0,1
160905,"7705","0682068949","2015-10-09 10:40:29","2015-10-09 11:31:24","0.03 Km. SW From KULLU DEPOT","Kullu"," Kullu","Himachal Pradesh","0.02 Km. NE From KULLU DEPOT","Kullu"," Kullu","Himachal Pradesh",50,"2015-10-09 14:45:41","PROC_ROUTE_DEVIATION_ALERT",,,"N",0,1
160904,"888","0682068892","2015-10-09 09:47:23","2015-10-09 09:52:23","0.08 Km. N From Prakash Dhaba","Gonda","Gonda","Uttar Pradesh","0.22 Km. S From Private Bus Stop Rahi","Gonda","Gonda","Uttar Pradesh",5,"2015-10-09 14:44:21","PROC_ROUTE_DEVIATION_ALERT",,,"N",0,1
160903,"2163","0682068891","2015-10-09 11:48:45","2015-10-09 11:58:16","0.39 Km. NW From G M","Chandigarh"," Chandigarh","Punjab","0.05 Km. S From TIWANA SERVICE STATION","Chandigarh"," Chandigarh","Haryana",9,"2015-10-09 14:44:16","PROC_ROUTE_DEVIATION_ALERT",,,"N",0,1
160902,"5425","0682068875","2015-10-09 12:17:56","2015-10-09 12:29:11","0.01 Km.  NW From Satyam Computer Services Limited , Richmond Town",", Richmond Town;","  Richmond Town;Banglore,Banglore","Karnataka","0.02 Km.  SE From Puttan Chitti Bhavan , Kalasipalyam",", Kalasipalyam;","  Kalasipalyam;Banglore,Banglore","Karnataka",11,"2015-10-09 14:42:32","PROC_ROUTE_DEVIATION_ALERT",,,"N",0,1
160901,"5425","0682068875","2015-10-09 11:44:54","2015-10-09 11:59:27","0.01 Km.  NE From Karnataka Tele Communication Office , Gautamapuram",", Gautamapuram;","  Gautamapuram;Banglore,Banglore","Karnataka","0.02 Km.  SE From Centurion , Shanthala Nagar",", Shanthala Nagar;","  Shanthala Nagar;Banglore,Banglore","Karnataka",14,"2015-10-09 14:42:30","PROC_ROUTE_DEVIATION_ALERT",,,"N",0,1
160900,"2798","0682067776","2015-10-09 14:04:15","2015-10-09 14:17:06","0.30 Km. W From Jain Tube Company","Ghaziabad"," Ghaziabad","Uttar Pradesh","0.12 Km. SE From Kharada","Ghaziabad"," Ghaziabad","Uttar Pradesh",12,"2015-10-09 14:41:28","PROC_ROUTE_DEVIATION_ALERT",,,"N",0,1
160899,"2798","0682067776","2015-10-09 12:28:03","2015-10-09 12:36:24","0.03 Km. E From Bharat Dental College","Meerut"," Meerut","Uttar Pradesh","0.70 Km. N From I T S Engineering College","Meerut"," Meerut","Uttar Pradesh",8,"2015-10-09 14:41:17","PROC_ROUTE_DEVIATION_ALERT",,,"N",0,1
160898,"4165","0682068522","2015-10-09 10:20:55","2015-10-09 10:29:09","0.05 Km. SW From AGRA TOP","Etmadpur"," Firozabad","Uttar Pradesh","0.02 Km. SW From AGRA TERMINAL EXIT GATE","Etmadpur"," Firozabad","Uttar Pradesh",8,"2015-10-09 14:35:47","PROC_ROUTE_DEVIATION_ALERT",,,"N",0,1
160897,"5644","0682065840","2015-10-09 14:04:16","2015-10-09 14:15:33","0.17 Km. S From Sahyadri College","Shimoga"," Shimoga","Karnataka","0.07 Km. W From Bharat Petroleum Corporation Ltd.","Shimoga"," Shimoga","Karnataka",11,"2015-10-09 14:31:12","PROC_ROUTE_DEVIATION_ALERT",,,"N",0,1
160896,"5644","0682065840","2015-10-09 09:10:50","2015-10-09 09:24:21","0.04 Km. SE From HASSAN TOP","Hassan"," Hassan","Karnataka","0.03 Km. SE From HASSAN TOP","Hassan"," Hassan","Karnataka",13,"2015-10-09 14:30:57","PROC_ROUTE_DEVIATION_ALERT",,,"N",0,1
160895,"5644","0682065840","2015-10-09 08:11:34","2015-10-09 08:19:37","0.13 Km. S From HASSAN TOP","Hassan"," Hassan","Karnataka","0.10 Km. SW From HASSAN TOP","Hassan"," Hassan","Karnataka",8,"2015-10-09 14:30:52","PROC_ROUTE_DEVIATION_ALERT",,,"N",0,1
160894,"2229","0682068816","2015-10-09 09:52:12","2015-10-09 09:58:53","0.07 Km. NW From JALANDHAR TERMINAL","Jalandhar - I"," - I,"," I,Jalandhar-Punjab","0.09 Km. N From JALANDHAR TERMINAL","Jalandhar - I"," - I,"," I,Jalandhar-Punjab",6,"2015-10-09 14:28:56","PROC_ROUTE_DEVIATION_ALERT",,,"N",0,1
160893,"3810","0682068033","2015-10-09 13:35:34","2015-10-09 13:43:57","0.84 Km. W From ROYALE KISAN SEWA KENDRA","Khurja"," Bulandshahr","Uttar Pradesh","0.23 Km. N From MAHARAJA INDUSTRIES","Khurja"," Bulandshahr","Uttar Pradesh",8,"2015-10-09 14:25:08","PROC_ROUTE_DEVIATION_ALERT",,,"N",0,1
160892,"3810","0682068033","2015-10-09 13:00:30","2015-10-09 13:05:30","0.73 Km. NW From Reliance Petroleum","Gabhana"," Aligarh","Uttar Pradesh","0.14 Km. NW From Hindustan Petroleum","Gabhana"," Aligarh","Uttar Pradesh",5,"2015-10-09 14:25:04","PROC_ROUTE_DEVIATION_ALERT",,,"N",0,1
160891,"3810","0682068033","2015-10-09 12:39:27","2015-10-09 12:48:29","0.40 Km. NW From JOLLY MOTORS","Koil"," Aligarh","Uttar Pradesh","0.54 Km. SE From Sant High School","Koil"," Aligarh","Uttar Pradesh",9,"2015-10-09 14:25:03","PROC_ROUTE_DEVIATION_ALERT",,,"N",0,1
160890,"3019","0682067747","2015-10-09 09:51:59","2015-10-09 10:13:25","0.11 Km. SW From MEERUT TERMINAL TT EXIT GATE","Meerut"," Meerut","Uttar Pradesh","0.05 Km. SW From MEERUT TERMINAL TT EXIT GATE","Meerut"," Meerut","Uttar Pradesh",21,"2015-10-09 14:23:48","PROC_ROUTE_DEVIATION_ALERT",,,"N",0,1
160889,"3504","0682067804","2015-10-09 09:21:46","2015-10-09 09:27:45","0.11 Km. W From SHIVSHANKAR FILLING STATION","Gharaunda"," Panipat","Haryana","0.69 Km. N From Police Station Baholi","Gharaunda"," Panipat","Haryana",5,"2015-10-09 14:22:21","PROC_ROUTE_DEVIATION_ALERT",,,"N",0,1
160888,"6798","0682067656","2015-10-09 13:45:46","2015-10-09 13:53:34","0.07 Km. SE From HASSAN TOP","Hassan"," Hassan","Karnataka","0.02 Km. SW From HASSAN TOP","Hassan"," Hassan","Karnataka",7,"2015-10-09 14:21:26","PROC_ROUTE_DEVIATION_ALERT",,,"N",0,1
160887,"6798","0682067656","2015-10-09 10:42:27","2015-10-09 10:57:49","0.21 Km. S From HASSAN TOP","Hassan"," Hassan","Karnataka","0.09 Km. SW From HASSAN TOP","Hassan"," Hassan","Karnataka",15,"2015-10-09 14:21:23","PROC_ROUTE_DEVIATION_ALERT",,,"N",0,1
160886,"792","0682065829","2015-10-09 09:19:16","2015-10-09 10:04:16","2.64 Km.  SW From Kusmi","Chauri Chaura"," Gorakhpur","Uttar Pradesh","0.03 Km. NW From Padri Bazar Police Station","Gorakhpur"," Gorakhpur","Uttar Pradesh",45,"2015-10-09 14:20:25","PROC_ROUTE_DEVIATION_ALERT",,,"N",0,1
160885,"6498","0682068854","2015-10-09 09:38:07","2015-10-09 09:56:42","0.12 Km. NE From SANGRUR TERMINAL","Sangrur"," Sangrur","Punjab","0.01 Km. W From SANGRUR TERMINAL","Sangrur"," Sangrur","Punjab",18,"2015-10-09 14:17:22","PROC_ROUTE_DEVIATION_ALERT",,,"N",0,1
160884,"2557","0682068849","2015-10-09 10:04:12","2015-10-09 10:10:04","0.21 Km. NW From DELHI TERMINAL","Delhi"," Delhi","Delhi","0.03 Km. N From DELHI TERMINAL","Delhi"," Delhi","Delhi",5,"2015-10-09 14:16:32","PROC_ROUTE_DEVIATION_ALERT",,,"N",0,1
160883,"5272","0682068706","2015-10-09 10:29:35","2015-10-09 11:12:08","0.55 Km. E From Gudwada","Hosakote"," Bangalore (Rural)","Karnataka","0.03 Km. SW From HMS PETRO NAGAR","Kolar"," Kolar","Karnataka",42,"2015-10-09 14:15:34","PROC_ROUTE_DEVIATION_ALERT",,,"N",0,1
160882,"1480","0682068829","2015-10-09 11:19:07","2015-10-09 11:24:10","0.09 Km. NE From Khera Hospital","Delhi"," Delhi","Delhi","0.34 Km. NE  From Bal Corporation Indiaia , Jahangirpuri Industrial Area",", Jahangirpuri Industrial Area;","  Jahangirpuri Industrial Area;Delhi,Delhi","Delhi",5,"2015-10-09 14:15:00","PROC_ROUTE_DEVIATION_ALERT",,,"N",0,1
160881,"1480","0682068829","2015-10-09 10:38:01","2015-10-09 10:46:34","0.03 Km. S From New Cantonment","Delhi"," Delhi","Delhi","0.15 Km. E From Army College Of Medical Sciences","Delhi"," Delhi","Delhi",8,"2015-10-09 14:14:59","PROC_ROUTE_DEVIATION_ALERT",,,"N",0,1
160880,"1480","0682068829","2015-10-09 09:58:58","2015-10-09 10:10:29","0.20 Km. N From Agni Insulations","Delhi"," Delhi","Delhi","0.05 Km. N  From Shiv , Rangpuri Nallapar",", Rangpuri Nallapar;","  Rangpuri Nallapar;Delhi,Delhi","Delhi",11,"2015-10-09 14:14:58","PROC_ROUTE_DEVIATION_ALERT",,,"N",0,1
160879,"1480","0682068829","2015-10-09 09:52:24","2015-10-09 09:57:58","0.34 Km. E From BIJWASAN TERMINAL","Delhi"," Delhi","Delhi","0.03 Km. E From DELHI TERMINAL","Delhi"," Delhi","Delhi",5,"2015-10-09 14:14:57","PROC_ROUTE_DEVIATION_ALERT",,,"N",0,1
160878,"5641","0682065467","2015-10-09 13:31:58","2015-10-09 14:00:28","0.01 Km. E From Indian Oil Corporation Ltd.","Shimoga"," Shimoga","Karnataka","0.03 Km. NW From Police Station Shimoga","Shimoga"," Shimoga","Karnataka",28,"2015-10-09 14:12:54","PROC_ROUTE_DEVIATION_ALERT",,,"N",0,1
160877,"5641","0682065467","2015-10-09 07:26:47","2015-10-09 08:00:01","0.05 Km. E From HASSAN TOP","Hassan"," Hassan","Karnataka","0.03 Km. SE From HASSAN TOP","Hassan"," Hassan","Karnataka",33,"2015-10-09 14:12:39","PROC_ROUTE_DEVIATION_ALERT",,,"N",0,1
160876,"1479","0682068745","2015-10-09 10:33:23","2015-10-09 10:39:49","0.02 Km. W  From White House Lodge , Janakpuri",", Janakpuri;","  Janakpuri;Delhi,Delhi","Delhi","0.03 Km. W  From IBP , Janakpuri",", Janakpuri;","  Janakpuri;Delhi,Delhi","Delhi",6,"2015-10-09 14:11:00","PROC_ROUTE_DEVIATION_ALERT",,,"N",0,1
160875,"1479","0682068745","2015-10-09 10:19:19","2015-10-09 10:24:22","0.05 Km. NE  From Penguin Books India Pvt Ltd , Dwarka",", Dwarka;","  Dwarka;Delhi,Delhi","Delhi","0.09 Km. S From True Web Solution","Delhi"," Delhi","Delhi",5,"2015-10-09 14:10:59","PROC_ROUTE_DEVIATION_ALERT",,,"N",0,1
160874,"1741","0682068794","2015-10-09 09:54:26","2015-10-09 10:00:56","0.04 Km. W From Saria Village","Chandauli"," Varanasi","Uttar Pradesh","0.02 Km. N From Sanjadpur Village","Chandauli","Varanasi","Uttar Pradesh",6,"2015-10-09 14:10:02","PROC_ROUTE_DEVIATION_ALERT",,,"N",0,1
160873,"7770","0682068740","2015-10-09 10:54:22","2015-10-09 11:06:48","0.03 Km. S  From Step In International Dx , Pandara Park",", Pandara Park;","  Pandara Park;Delhi,Delhi","Delhi","0.24 Km. W From Akshardham Check Post","Delhi"," Delhi","Delhi",12,"2015-10-09 14:09:56","PROC_ROUTE_DEVIATION_ALERT",,,"N",0,1
160872,"3631","0682068732","2015-10-09 09:41:00","2015-10-09 09:46:11","0.23 Km. SW From REWARI TERMINAL","Rewari"," Rewari","Haryana","0.15 Km. W From REWARI TERMINAL","Rewari"," Rewari","Haryana",5,"2015-10-09 14:07:59","PROC_ROUTE_DEVIATION_ALERT",,,"N",0,1
160871,"4129","0682067640","2015-10-09 09:44:35","2015-10-09 09:50:22","0.03 Km. NW From Hyundai Service","Jalandhar - I"," - I,"," I,Jalandhar-Punjab","0.03 Km. SE From JEEWAN PETROLIUM-99","Jalandhar - I"," -99;Jalandhar - I,","99;Jalandhar - I,Jalandhar-Punjab",5,"2015-10-09 14:06:49","PROC_ROUTE_DEVIATION_ALERT",,,"N",0,1
160870,"2255","0682067293","2015-10-09 13:21:34","2015-10-09 13:33:31","0.02 Km. NE From Tushar Traders","Jagadhri"," Yamunanagar","Haryana","0.07 Km. NW From Village Water Treatment Plant","Jagadhri"," Yamunanagar","Haryana",11,"2015-10-09 14:06:15","PROC_ROUTE_DEVIATION_ALERT",,,"N",0,1
160869,"2255","0682067293","2015-10-09 08:57:25","2015-10-09 09:06:21","0.08 Km. E From PANIPAT TOP","Gharaunda"," Panipat","Haryana","0.09 Km. SW From PANIPAT TOP","Gharaunda"," Panipat","Haryana",8,"2015-10-09 14:06:06","PROC_ROUTE_DEVIATION_ALERT",,,"N",0,1
160868,"2677","0682068765","2015-10-09 09:35:53","2015-10-09 09:41:06","0.21 Km. SW From REWARI TERMINAL","Rewari"," Rewari","Haryana","0.16 Km. W From REWARI TERMINAL","Rewari"," Rewari","Haryana",5,"2015-10-09 14:00:10","PROC_ROUTE_DEVIATION_ALERT",,,"N",0,1
160867,"2139","0682068701","2015-10-09 10:56:47","2015-10-09 11:12:58","0.20 Km. NW From Rockland Hospital","Delhi"," Delhi","Delhi","0.06 Km. W  From New Silam Pur , Connaught Place",", Connaught Place;","  Connaught Place;Delhi,Delhi","Delhi",16,"2015-10-09 13:58:00","PROC_ROUTE_DEVIATION_ALERT",,,"N",0,1
160866,"7779","0682068156","2015-10-09 13:44:39","2015-10-09 13:50:34","0.07 Km. SE  From Unitop Tours & Travels Private Ltd , Rajouri Garden",", Rajouri Garden;","  Rajouri Garden;Delhi,Delhi","Delhi","0.00 Km. SW  From Shiv , Mansarovar Garden",", Mansarovar Garden;","  Mansarovar Garden;Delhi,Delhi","Delhi",5,"2015-10-09 13:57:38","PROC_ROUTE_DEVIATION_ALERT",,,"N",0,1
160865,"7779","0682068156","2015-10-09 13:08:08","2015-10-09 13:44:09","0.28 Km. SW From Attarsen Jain Hospital","Delhi"," Delhi","Delhi","0.05 Km. SW  From Shiv , Mansarovar Garden",", Mansarovar Garden;","  Mansarovar Garden;Delhi,Delhi","Delhi",36,"2015-10-09 13:57:37","PROC_ROUTE_DEVIATION_ALERT",,,"N",0,1
160864,"7779","0682068156","2015-10-09 09:34:37","2015-10-09 09:41:39","0.34 Km. NW From DELHI TERMINAL","Delhi"," Delhi","Delhi","0.02 Km. NE From DELHI TERMINAL","Delhi"," Delhi","Delhi",7,"2015-10-09 13:57:31","PROC_ROUTE_DEVIATION_ALERT",,,"N",0,1
160863,"6707","0682068182","2015-10-09 12:37:08","2015-10-09 12:42:30","0.29 Km. SE From Indian Oil Corporation Ltd.","Rohtak"," Rohtak","Haryana","1.97 Km. W From Kalanor","Rohtak"," Rohtak","Haryana",5,"2015-10-09 13:56:35","PROC_ROUTE_DEVIATION_ALERT",,,"N",0,1
160862,"6707","0682068182","2015-10-09 12:00:21","2015-10-09 12:15:35","0.66 Km. SW From CHHIKARA GOODS TRANSPORT CO LTD","Rohtak"," Rohtak","Haryana","0.14 Km. W From Ajanta - IBP","Rohtak"," - IBP;Rohtak,"," IBP;Rohtak,Rohtak-Haryana",15,"2015-10-09 13:56:34","PROC_ROUTE_DEVIATION_ALERT",,,"N",0,1
160861,"6707","0682068182","2015-10-09 11:40:31","2015-10-09 11:48:20","0.56 Km. NW From Rukhi","Gohana"," Sonipat","Haryana","2.72 Km. N From Brahmanvass Village","Rohtak"," Rohtak","Haryana",7,"2015-10-09 13:56:33","PROC_ROUTE_DEVIATION_ALERT",,,"N",0,1
160860,"6707","0682068182","2015-10-09 11:08:10","2015-10-09 11:14:41","0.40 Km. E From NIHAL FILLING STATION","Gohana"," Sonipat","Haryana","0.03 Km. NE From Reliance Petroleum","Gohana"," Sonipat","Haryana",6,"2015-10-09 13:56:32","PROC_ROUTE_DEVIATION_ALERT",,,"N",0,1
160859,"6707","0682068182","2015-10-09 09:20:56","2015-10-09 09:26:44","0.05 Km. E From PANIPAT TOP","Gharaunda"," Panipat","Haryana","0.08 Km. W From PANIPAT TOP","Gharaunda"," Panipat","Haryana",5,"2015-10-09 13:56:28","PROC_ROUTE_DEVIATION_ALERT",,,"N",0,1
160858,"1546","0682068792","2015-10-09 13:00:27","2015-10-09 13:05:39","1.04 Km. S From Tractor Workshop","Muktsar"," Faridkot","Punjab","0.01 Km. SE From Indian Oil Corporation Ltd.","Muktsar"," Faridkot","Punjab",5,"2015-10-09 13:53:37","PROC_ROUTE_DEVIATION_ALERT",,,"N",0,1
160857,"1546","0682068792","2015-10-09 10:03:25","2015-10-09 10:10:04","0.11 Km. NE From BHARAT AUTO CARE","Bathinda"," Bathinda","Punjab","0.18 Km. NW From BHARAT AUTO CARE","Bathinda"," Bathinda","Punjab",6,"2015-10-09 13:53:34","PROC_ROUTE_DEVIATION_ALERT",,,"N",0,1
160856,"3613","0682068659","2015-10-09 10:04:12","2015-10-09 10:10:22","0.11 Km. SE From BANTHRA DEPOT EXIT GATE","Shahjahanpur"," Shahjahanpur","Uttar Pradesh","0.03 Km. SE From BANTHRA DEPOT EXIT GATE","Shahjahanpur"," Shahjahanpur","Uttar Pradesh",6,"2015-10-09 13:48:19","PROC_ROUTE_DEVIATION_ALERT",,,"N",0,1
160855,"4075","0682068670","2015-10-09 09:40:27","2015-10-09 09:48:28","0.24 Km. W From REWARI TERMINAL","Rewari"," Rewari","Haryana","0.02 Km. S From ARAVALI FUELS","Rewari"," Rewari","Haryana",8,"2015-10-09 13:44:20","PROC_ROUTE_DEVIATION_ALERT",,,"N",0,1
160854,"3672","0682068694","2015-10-09 09:51:46","2015-10-09 09:59:08","0.12 Km. E From Bart Petroleum","Shahjahanpur"," Shahjahanpur","Uttar Pradesh","0.02 Km. SE From BANTHRA DEPOT EXIT GATE","Shahjahanpur"," Shahjahanpur","Uttar Pradesh",7,"2015-10-09 13:42:28","PROC_ROUTE_DEVIATION_ALERT",,,"N",0,1
160853,"5580","0682066167","2015-10-09 10:30:59","2015-10-09 10:48:12","0.05 Km. E From HASSAN TOP","Hassan"," Hassan","Karnataka","0.03 Km. SW From HASSAN TOP","Hassan"," Hassan","Karnataka",17,"2015-10-09 13:40:38","PROC_ROUTE_DEVIATION_ALERT",,,"N",0,1
160852,"4098","0682068528","2015-10-09 09:33:45","2015-10-09 09:49:43","0.02 Km. NE From JALANDHAR TERMINAL","Jalandhar - I"," - I,"," I,Jalandhar-Punjab","0.09 Km. N From JALANDHAR TERMINAL","Jalandhar - I"," - I,"," I,Jalandhar-Punjab",15,"2015-10-09 13:39:11","PROC_ROUTE_DEVIATION_ALERT",,,"N",0,1
160851,"3931","0682068680","2015-10-09 11:36:17","2015-10-09 11:41:47","0.22 Km. SW From Toll Plaza","Manesar"," Gurgaon","Haryana","0.18 Km. W From GROZ ENGINEERING TOOLS PVT LTD","Manesar"," Gurgaon","Haryana",5,"2015-10-09 13:38:20","PROC_ROUTE_DEVIATION_ALERT",,,"N",0,1
160850,"5469","0682068492","2015-10-09 10:23:17","2015-10-09 11:08:47","0.32 Km. W From AGARWAL PUMP - DONDUPALYA","Hosakote"," - DONDUPALYA;Hosakote,"," DONDUPALYA;Hosakote,Bangalore (Rural)-Karnataka","0.02 Km.  SE From RPF K R PURAM , Vijnanapura",", Vijnanapura;","  Vijnanapura;Banglore,Banglore","Karnataka",45,"2015-10-09 13:37:02","PROC_ROUTE_DEVIATION_ALERT",,,"N",0,1
160849,"3422","0682068212","2015-10-09 09:35:00","2015-10-09 09:47:02","0.20 Km. SW From REWARI TERMINAL","Rewari"," Rewari","Haryana","0.01 Km. SW From ARAVALI FUELS","Rewari"," Rewari","Haryana",12,"2015-10-09 13:35:59","PROC_ROUTE_DEVIATION_ALERT",,,"N",0,1
160848,"5369","0682068608","2015-10-09 11:59:12","2015-10-09 12:11:24","0.06 Km. N From Army Cant","Banglore"," Banglore","Karnataka","0.04 Km. SW From ITC Limited - Royal Gardenia","Banglore"," - Royal Gardenia;Banglore,"," Royal Gardenia;Banglore,Banglore-Karnataka",12,"2015-10-09 13:32:12","PROC_ROUTE_DEVIATION_ALERT",,,"N",0,1
160847,"5369","0682068608","2015-10-09 09:32:52","2015-10-09 09:38:01","0.07 Km. SW From DEVANAGONTHI TERMINAL","Hosakote"," Bangalore (Rural)","Karnataka","0.05 Km. SW From DEVANAGONTHI TERMINAL","Hosakote"," Bangalore (Rural)","Karnataka",5,"2015-10-09 13:32:08","PROC_ROUTE_DEVIATION_ALERT",,,"N",0,1
160846,"1773","0682068468","2015-10-09 10:32:16","2015-10-09 10:37:46","0.29 Km. S From S K FILLING STATION","Dhuri"," Sangrur","Punjab","0.22 Km. S From Indian Oil Corporation Ltd.","Dhuri"," Sangrur","Punjab",5,"2015-10-09 13:25:12","PROC_ROUTE_DEVIATION_ALERT",,,"N",0,1
160845,"3860","0682068610","2015-10-09 09:31:40","2015-10-09 09:48:00","0.05 Km. NW From JALANDHAR TERMINAL","Jalandhar - I"," - I,"," I,Jalandhar-Punjab","0.09 Km. N From JALANDHAR TERMINAL","Jalandhar - I"," - I,"," I,Jalandhar-Punjab",16,"2015-10-09 13:24:32","PROC_ROUTE_DEVIATION_ALERT",,,"N",0,1
160844,"5829","0682068586","2015-10-09 09:51:52","2015-10-09 10:04:20","0.34 Km. NE From Balaji Deluxe Theatre","Mysore"," Mysore","Karnataka","0.42 Km. N From Sougandhika Park","Mysore"," Mysore","Karnataka",12,"2015-10-09 13:23:32","PROC_ROUTE_DEVIATION_ALERT",,,"N",0,1
160843,"7741","0682067044","2015-10-09 12:44:32","2015-10-09 12:56:03","0.16 Km. SW From Bethel AG Church","Banglore"," Banglore","Karnataka","0.01 Km.  NW From Classic Automotives , Sadashiva Nagar",", Sadashiva Nagar;","  Sadashiva Nagar;Banglore,Banglore","Karnataka",11,"2015-10-09 13:20:55","PROC_ROUTE_DEVIATION_ALERT",,,"N",0,1
160842,"7741","0682067044","2015-10-09 08:55:39","2015-10-09 09:04:47","0.07 Km. SW From DEVANAGONTHI TERMINAL","Hosakote"," Bangalore (Rural)","Karnataka","0.06 Km. SW From DEVANAGONTHI TERMINAL","Hosakote"," Bangalore (Rural)","Karnataka",9,"2015-10-09 13:20:49","PROC_ROUTE_DEVIATION_ALERT",,,"N",0,1
160841,"5419","0682068538","2015-10-09 11:32:49","2015-10-09 11:40:56","0.02 Km.  NW From Mysore Polyset Private Limited , Madhava Nagar",", Madhava Nagar;","  Madhava Nagar;Banglore,Banglore","Karnataka","0.04 Km. E From Church","Banglore"," Banglore","Karnataka",8,"2015-10-09 13:18:55","PROC_ROUTE_DEVIATION_ALERT",,,"N",0,1
160840,"5419","0682068538","2015-10-09 09:53:31","2015-10-09 10:41:34","0.57 Km. NE From railway track crossing towards white field","Hosakote"," Bangalore (Rural)","Karnataka","0.02 Km.  N From Neetha , B Narayanapura",", B Narayanapura;","  B Narayanapura;Banglore,Banglore","Karnataka",48,"2015-10-09 13:18:53","PROC_ROUTE_DEVIATION_ALERT",,,"N",0,1
160839,"1213","0682068228","2015-10-09 09:30:40","2015-10-09 09:36:56","0.14 Km. NE From MUGHALSARAI TERMINAL","Chandauli"," Varanasi","Uttar Pradesh","0.05 Km. NE From MUGHALSARAI TERMINAL","Chandauli"," Varanasi","Uttar Pradesh",6,"2015-10-09 13:18:08","PROC_ROUTE_DEVIATION_ALERT",,,"N",0,1
160838,"5466","0682068199","2015-10-09 11:32:48","2015-10-09 11:44:52","0.01 Km.  SE From Srinivas Fine Arts Private Limited , Madeena Nagar",", Madeena Nagar;","  Madeena Nagar;Banglore,Banglore","Karnataka","0.01 Km. E From Classis Comfort Hotel Loding","Banglore"," Banglore","Karnataka",12,"2015-10-09 13:16:41","PROC_ROUTE_DEVIATION_ALERT",,,"N",0,1
160837,"5107","0682067926","2015-10-09 12:20:04","2015-10-09 12:37:50","0.04 Km.  S From BEL Circle , Deshbandhu Nagar",", Deshbandhu Nagar;","  Deshbandhu Nagar;Banglore,Banglore","Karnataka","0.03 Km.  N From Sri Nidhi , Chokkasandra",", Chokkasandra;","  Chokkasandra;Banglore,Banglore","Karnataka",17,"2015-10-09 13:14:12","PROC_ROUTE_DEVIATION_ALERT",,,"N",0,1
160836,"5107","0682067926","2015-10-09 11:30:13","2015-10-09 11:40:20","0.14 Km.  E From Sri Kasi Viswanatha Swamy Devalayam , Hormavu (Bengaluru South)",", Hormavu (Bengaluru South);","  Hormavu (Bengaluru South);Banglore,Banglore","Karnataka","0.03 Km. E From Naveen Restaurant","Banglore"," Banglore","Karnataka",10,"2015-10-09 13:14:10","PROC_ROUTE_DEVIATION_ALERT",,,"N",0,1
160835,"5973","0682067295","2015-10-09 08:47:04","2015-10-09 08:52:52","0.06 Km. SW From DEVANAGONTHI TERMINAL","Hosakote"," Bangalore (Rural)","Karnataka","0.05 Km. SW From DEVANAGONTHI TERMINAL","Hosakote"," Bangalore (Rural)","Karnataka",5,"2015-10-09 13:13:02","PROC_ROUTE_DEVIATION_ALERT",,,"N",0,1
160834,"2354","0682068524","2015-10-09 10:30:29","2015-10-09 10:38:28","0.41 Km. N From Tcl","Rewari"," Rewari","Haryana","0.85 Km. SW From BARMALT (INDIA) LTD","Rewari"," Rewari","Haryana",7,"2015-10-09 13:10:27","PROC_ROUTE_DEVIATION_ALERT",,,"N",0,1
160833,"2354","0682068524","2015-10-09 09:32:14","2015-10-09 09:50:18","0.19 Km. SW From REWARI TERMINAL","Rewari"," Rewari","Haryana","0.01 Km. SW From ARAVALI FUELS","Rewari"," Rewari","Haryana",18,"2015-10-09 13:10:25","PROC_ROUTE_DEVIATION_ALERT",,,"N",0,1
160832,"5792","0682068497","2015-10-09 09:45:47","2015-10-09 09:55:34","0.51 Km. N From Balaji Deluxe Theatre","Mysore"," Mysore","Karnataka","0.46 Km. N From Sougandhika Park","Mysore"," Mysore","Karnataka",9,"2015-10-09 13:09:25","PROC_ROUTE_DEVIATION_ALERT",,,"N",0,1
160831,"2712","0682068223","2015-10-09 09:38:53","2015-10-09 09:45:25","0.24 Km. W From REWARI TERMINAL","Rewari"," Rewari","Haryana","0.02 Km. SW From ARAVALI FUELS","Rewari"," Rewari","Haryana",6,"2015-10-09 13:08:54","PROC_ROUTE_DEVIATION_ALERT",,,"N",0,1
160830,"4842","0682068251","2015-10-09 09:29:32","2015-10-09 09:43:15","0.12 Km. E From JALANDHAR TERMINAL","Jalandhar - I"," - I,"," I,Jalandhar-Punjab","0.09 Km. N From JALANDHAR TERMINAL","Jalandhar - I"," - I,"," I,Jalandhar-Punjab",13,"2015-10-09 13:08:00","PROC_ROUTE_DEVIATION_ALERT",,,"N",0,1
160829,"3952","0682068392","2015-10-09 11:04:57","2015-10-09 11:17:48","0.44 Km. S From Sarai Khas Police Station","Shahjahanpur"," Shahjahanpur","Uttar Pradesh","0.66 Km. NE From G SURGIWEAR LIMITED","Shahjahanpur"," Shahjahanpur","Uttar Pradesh",12,"2015-10-09 13:06:49","PROC_ROUTE_DEVIATION_ALERT",,,"N",0,1
160828,"3952","0682068392","2015-10-09 09:53:24","2015-10-09 09:59:46","0.11 Km. E From Bart Petroleum","Shahjahanpur"," Shahjahanpur","Uttar Pradesh","0.03 Km. SE From BANTHRA DEPOT EXIT GATE","Shahjahanpur"," Shahjahanpur","Uttar Pradesh",6,"2015-10-09 13:06:46","PROC_ROUTE_DEVIATION_ALERT",,,"N",0,1
160827,"4065","0682067411","2015-10-09 12:43:50","2015-10-09 12:53:16","0.04 Km. S From Airforce Station Halwara","Raikot"," Ludhiana","Punjab","0.07 Km. SE From AOC 9 WING 341","Raikot"," Ludhiana","Punjab",9,"2015-10-09 13:05:05","PROC_ROUTE_DEVIATION_ALERT",,,"N",0,1
160826,"7730","0682068382","2015-10-09 09:45:49","2015-10-09 09:58:28","0.06 Km. SW From MEERUT TERMINAL TT EXIT GATE","Meerut"," Meerut","Uttar Pradesh","0.80 Km. N From I T S Engineering College","Meerut"," Meerut","Uttar Pradesh",12,"2015-10-09 13:01:57","PROC_ROUTE_DEVIATION_ALERT",,,"N",0,1
160825,"4107","0682068147","2015-10-09 09:31:02","2015-10-09 09:38:11","0.23 Km. SW From REWARI TERMINAL","Rewari"," Rewari","Haryana","0.01 Km. S From ARAVALI FUELS","Rewari"," Rewari","Haryana",7,"2015-10-09 13:00:46","PROC_ROUTE_DEVIATION_ALERT",,,"N",0,1
160824,"4130","0682068372","2015-10-09 09:32:07","2015-10-09 09:43:48","0.06 Km. S From JALANDHAR TERMINAL","Jalandhar - I"," - I,"," I,Jalandhar-Punjab","0.09 Km. N From JALANDHAR TERMINAL","Jalandhar - I"," - I,"," I,Jalandhar-Punjab",11,"2015-10-09 12:59:46","PROC_ROUTE_DEVIATION_ALERT",,,"N",0,1
160823,"4895","0682068124","2015-10-09 12:39:58","2015-10-09 12:48:07","0.03 Km.  E From Vision , Sudhama Nagar",", Sudhama Nagar;","  Sudhama Nagar;Banglore,Banglore","Karnataka","0.02 Km.  NW From RV Teachers , Kankanpalya",", Kankanpalya;","  Kankanpalya;Banglore,Banglore","Karnataka",8,"2015-10-09 12:58:53","PROC_ROUTE_DEVIATION_ALERT",,,"N",0,1
160822,"4895","0682068124","2015-10-09 12:14:56","2015-10-09 12:22:35","0.04 Km.  SW From I T I Limited Registrated & Corporate Office , Shanthala Nagar",", Shanthala Nagar;","  Shanthala Nagar;Banglore,Banglore","Karnataka","0.03 Km.  SE From Centurion , Shanthala Nagar",", Shanthala Nagar;","  Shanthala Nagar;Banglore,Banglore","Karnataka",7,"2015-10-09 12:58:52","PROC_ROUTE_DEVIATION_ALERT",,,"N",0,1
160821,"2236","0682068095","2015-10-09 09:36:00","2015-10-09 09:49:10","0.46 Km. S From Police Station Baholi","Gharaunda"," Panipat","Haryana","0.25 Km. SE From Canal Ballah","Gharaunda"," Panipat","Haryana",13,"2015-10-09 12:57:52","PROC_ROUTE_DEVIATION_ALERT",,,"N",0,1
160820,"2236","0682068095","2015-10-09 09:36:00","2015-10-09 09:49:10","0.46 Km. S From Police Station Baholi","Gharaunda"," Panipat","Haryana","0.25 Km. SE From Canal Ballah","Gharaunda"," Panipat","Haryana",13,"2015-10-09 12:57:28","PROC_ROUTE_DEVIATION_ALERT",,,"N",0,1
160819,"419","0682065991","2015-10-09 09:48:42","2015-10-09 09:54:12","0.77 Km. SE From FOREST CLUB PVT LTD","Chauri Chaura","Gorakhpur","Uttar Pradesh","0.99 Km. SW From VINDHYAWASINI AUTOMOBILES","Gorakhpur","Gorakhpur","Uttar Pradesh",5,"2015-10-09 12:54:20","PROC_ROUTE_DEVIATION_ALERT",,,"N",0,1
160818,"6152","0682068343","2015-10-09 09:52:14","2015-10-09 09:59:11","0.01 Km. W From KULLU DEPOT","Kullu"," Kullu","Himachal Pradesh","0.02 Km. NE From KULLU DEPOT","Kullu"," Kullu","Himachal Pradesh",6,"2015-10-09 12:50:24","PROC_ROUTE_DEVIATION_ALERT",,,"N",0,1
160817,"6093","0682068328","2015-10-09 11:29:50","2015-10-09 12:21:59","1.14 Km. W From SRI NANDI KISAN SEVA KENDRA","Hosakote"," Bangalore (Rural)","Karnataka","0.02 Km.  W From Government Pre University , Yelahanka",", Yelahanka;","  Yelahanka;Banglore,Banglore","Karnataka",52,"2015-10-09 12:49:44","PROC_ROUTE_DEVIATION_ALERT",,,"N",0,1
160816,"6391","0682068309","2015-10-09 09:32:20","2015-10-09 09:37:20","0.11 Km. E From ROORKEE TOP","Roorkee"," Haridwar","Uttaranchal","0.09 Km. NE From ROORKEE TOP","Roorkee"," Haridwar","Uttaranchal",5,"2015-10-09 12:47:05","PROC_ROUTE_DEVIATION_ALERT",,,"N",0,1
160815,"1444","0682068013","2015-10-09 10:04:05","2015-10-09 10:10:44","0.23 Km. NW From DELHI TERMINAL","Delhi"," Delhi","Delhi","0.02 Km. N From DELHI TERMINAL","Delhi"," Delhi","Delhi",6,"2015-10-09 12:44:31","PROC_ROUTE_DEVIATION_ALERT",,,"N",0,1
160814,"1763202","0682067702","2015-10-09 11:44:57","2015-10-09 11:50:31","2.77 Km. SW From Village Sakra","Fatehpur Pundri"," Kaithal","Haryana","0.32 Km. E From Village Sakra","Fatehpur Pundri"," Kaithal","Haryana",5,"2015-10-09 12:42:27","PROC_ROUTE_DEVIATION_ALERT",,,"N",0,1
160813,"1763202","0682067702","2015-10-09 09:14:07","2015-10-09 09:27:19","0.07 Km. E From PANIPAT TOP","Gharaunda"," Panipat","Haryana","0.10 Km. W From PANIPAT TOP","Gharaunda"," Panipat","Haryana",13,"2015-10-09 12:42:23","PROC_ROUTE_DEVIATION_ALERT",,,"N",0,1
160812,"2028","0682067930","2015-10-09 09:20:44","2015-10-09 09:26:35","0.14 Km. NW From PANIPAT TOP","Gharaunda"," Panipat","Haryana","0.07 Km. SW From SHIVSHANKAR FILLING STATION","Gharaunda"," Panipat","Haryana",5,"2015-10-09 12:42:08","PROC_ROUTE_DEVIATION_ALERT",,,"N",0,1
160811,"7752","0682067409","2015-10-09 08:50:14","2015-10-09 09:01:36","0.06 Km. NW From JALANDHAR TERMINAL","Jalandhar - I"," - I,"," I,Jalandhar-Punjab","0.11 Km. N From JALANDHAR TERMINAL","Jalandhar - I"," - I,"," I,Jalandhar-Punjab",11,"2015-10-09 12:41:14","PROC_ROUTE_DEVIATION_ALERT",,,"N",0,1
160810,"4248","0682066719","2015-10-09 08:28:23","2015-10-09 08:34:14","0.06 Km. NW From JALANDHAR TERMINAL","Jalandhar - I"," - I,"," I,Jalandhar-Punjab","0.16 Km. NW From JALANDHAR TERMINAL","Jalandhar - I"," - I,"," I,Jalandhar-Punjab",5,"2015-10-09 12:40:16","PROC_ROUTE_DEVIATION_ALERT",,,"N",0,1
160809,"5313","0682067753","2015-10-09 09:50:50","2015-10-09 10:24:44","0.05 Km. E From Al Ameen Residential School","Hosakote"," Bangalore (Rural)","Karnataka","0.03 Km.  N From Masjid-E- Noor , B Narayanapura",", B Narayanapura;"," -E- Noor ,","E- Noor , B Narayanapura;Banglore,Banglore-Karnataka",33,"2015-10-09 12:36:26","PROC_ROUTE_DEVIATION_ALERT",,,"N",0,1
160808,"2976","0682067742","2015-10-09 09:26:06","2015-10-09 09:38:38","0.08 Km. N From PARTAPUR DEPOT","Meerut"," Meerut","Uttar Pradesh","0.08 Km. N From PARTAPUR DEPOT","Meerut"," Meerut","Uttar Pradesh",12,"2015-10-09 12:35:26","PROC_ROUTE_DEVIATION_ALERT",,,"N",0,1
160807,"2894","0682067904","2015-10-09 11:48:41","2015-10-09 12:11:31","0.19 Km. NW From Shree Laxmi","Ghaziabad"," Ghaziabad","Uttar Pradesh","0.17 Km. SE From Garson Letterman Group","Ghaziabad"," Ghaziabad","Uttar Pradesh",22,"2015-10-09 12:34:19","PROC_ROUTE_DEVIATION_ALERT",,,"N",0,1
160806,"2894","0682067904","2015-10-09 09:32:44","2015-10-09 09:38:16","0.26 Km. N From MEERUT TERMINAL TT EXIT GATE","Meerut"," Meerut","Uttar Pradesh","0.22 Km. N From MEERUT TERMINAL TT EXIT GATE","Meerut"," Meerut","Uttar Pradesh",5,"2015-10-09 12:34:10","PROC_ROUTE_DEVIATION_ALERT",,,"N",0,1
160805,"3547","0682066988","2015-10-09 12:06:30","2015-10-09 12:12:12","0.07 Km. NE From State Bank Of India ATM","Jagadhri"," Yamunanagar","Haryana","0.02 Km. S From Shiv Mandir","Jagadhri"," Yamunanagar","Haryana",5,"2015-10-09 12:30:10","PROC_ROUTE_DEVIATION_ALERT",,,"N",0,1
160804,"480","0682067373","2015-10-09 08:57:06","2015-10-09 09:02:36","0.11 Km. S From TT Parking Area-Baitalpur Depot","Deoria"," -Baitalpur Depot;Deoria,","Baitalpur Depot;Deoria,Deoria-Uttar Pradesh","0.11 Km. S From TT Parking Area-Baitalpur Depot","Deoria"," -Baitalpur Depot;Deoria,","Baitalpur Depot;Deoria,Deoria-Uttar Pradesh",5,"2015-10-09 12:28:56","PROC_ROUTE_DEVIATION_ALERT",,,"N",0,1
160803,"6628","0682067663","2015-10-09 11:58:37","2015-10-09 12:05:38","0.07 Km. S From Changali Wala","Jagadhri"," Yamunanagar","Haryana","0.10 Km. NW From Reliance Petroleum Petrol Pump","Jagadhri"," Yamunanagar","Haryana",7,"2015-10-09 12:24:04","PROC_ROUTE_DEVIATION_ALERT",,,"N",0,1
160802,"6628","0682067663","2015-10-09 11:58:37","2015-10-09 12:05:38","0.07 Km. S From Changali Wala","Jagadhri"," Yamunanagar","Haryana","0.10 Km. NW From Reliance Petroleum Petrol Pump","Jagadhri"," Yamunanagar","Haryana",7,"2015-10-09 12:23:41","PROC_ROUTE_DEVIATION_ALERT",,,"N",0,1
160801,"3200","0682067532","2015-10-09 10:46:02","2015-10-09 11:02:00","0.41 Km. S From Saini Vishno Dhaba","Karnal"," Karnal","Haryana","0.27 Km. S From Hindustan Petroleum","Indri"," Karnal","Haryana",15,"2015-10-09 12:22:38","PROC_ROUTE_DEVIATION_ALERT",,,"N",0,1
160800,"6106","0682067481","2015-10-09 11:12:49","2015-10-09 12:05:09","0.03 Km.  NE From Lovato , HBR Layout",", HBR Layout;","  HBR Layout;Banglore,Banglore","Karnataka","0.02 Km.  W From RMC Shell , Yesvantpur Industrial Area",", Yesvantpur Industrial Area;","  Yesvantpur Industrial Area;Banglore,Banglore","Karnataka",52,"2015-10-09 12:21:49","PROC_ROUTE_DEVIATION_ALERT",,,"N",0,1
160799,"6106","0682067481","2015-10-09 10:17:33","2015-10-09 10:51:57","0.10 Km. E From Indian Oil Corporation Ltd.","Hosakote"," Bangalore (Rural)","Karnataka","0.03 Km.  N From Karnataka Trade Promotion Organigation , B Narayanapura",", B Narayanapura;","  B Narayanapura;Banglore,Banglore","Karnataka",34,"2015-10-09 12:21:47","PROC_ROUTE_DEVIATION_ALERT",,,"N",0,1
160798,"4247","0682067007","2015-10-09 08:56:13","2015-10-09 09:32:01","0.10 Km. SE From JALANDHAR TERMINAL","Jalandhar - I"," - I,"," I,Jalandhar-Punjab","0.11 Km. N From JALANDHAR TERMINAL","Jalandhar - I"," - I,"," I,Jalandhar-Punjab",35,"2015-10-09 12:18:25","PROC_ROUTE_DEVIATION_ALERT",,,"N",0,1
160797,"6778","0682067068","2015-10-09 10:46:14","2015-10-09 11:51:05","0.89 Km. E From chikka tirupathi","Hosur"," Dharmapuri","Tamil Nadu","0.12 Km. SE From Shetron","Banglore"," Banglore","Karnataka",64,"2015-10-09 12:17:11","PROC_ROUTE_DEVIATION_ALERT",,,"N",0,1
160796,"7777","0682066382","2015-10-09 09:47:53","2015-10-09 09:53:28","0.11 Km. SE From Kapasera Police Staion","Delhi"," Delhi","Delhi","0.08 Km. W From Shiv Murti Petrol Pump","Delhi"," Delhi","Delhi",5,"2015-10-09 12:10:08","PROC_ROUTE_DEVIATION_ALERT",,,"N",0,1
160795,"5618","0682066168","2015-10-09 09:31:30","2015-10-09 09:42:05","0.17 Km. S From HASSAN TOP","Hassan"," Hassan","Karnataka","0.10 Km. SW From HASSAN TOP","Hassan"," Hassan","Karnataka",10,"2015-10-09 12:09:03","PROC_ROUTE_DEVIATION_ALERT",,,"N",0,1
160794,"7768","0682068114","2015-10-09 10:35:35","2015-10-09 10:55:49","0.04 Km. N From ICICI Bank","Delhi"," Delhi","Delhi","0.03 Km. NW  From IOCL , Janakpuri",", Janakpuri;","  Janakpuri;Delhi,Delhi","Delhi",20,"2015-10-09 12:07:34","PROC_ROUTE_DEVIATION_ALERT",,,"N",0,1
160793,"7768","0682068114","2015-10-09 10:05:37","2015-10-09 10:15:34","0.08 Km. SW From Shiksha Bharati Public School","Delhi"," Delhi","Delhi","0.13 Km. N From Shiv Shakti Clinic","Delhi"," Delhi","Delhi",9,"2015-10-09 12:07:29","PROC_ROUTE_DEVIATION_ALERT",,,"N",0,1
160792,"7768","0682068114","2015-10-09 09:53:05","2015-10-09 09:58:32","0.35 Km. S  From Makki , Bharthal",", Bharthal;","  Bharthal;Delhi,Delhi","Delhi","0.05 Km. S From Mb Janki Chowk","Delhi"," Delhi","Delhi",5,"2015-10-09 12:07:28","PROC_ROUTE_DEVIATION_ALERT",,,"N",0,1
160791,"7768","0682068114","2015-10-09 09:31:38","2015-10-09 09:39:33","0.29 Km. NW From DELHI TERMINAL","Delhi"," Delhi","Delhi","0.03 Km. N From DELHI TERMINAL","Delhi"," Delhi","Delhi",7,"2015-10-09 12:07:25","PROC_ROUTE_DEVIATION_ALERT",,,"N",0,1
160790,"2939","0682068011","2015-10-09 09:32:21","2015-10-09 09:38:22","0.07 Km. NE From SIDDARTH FILLING STATION","Ambala"," Ambala","Haryana","0.05 Km. S From SIDDARTH FILLING STATION","Ambala"," Ambala","Haryana",6,"2015-10-09 12:06:33","PROC_ROUTE_DEVIATION_ALERT",,,"N",0,1
160789,"1612","0682068051","2015-10-09 09:21:36","2015-10-09 09:27:37","0.10 Km. E From SIDDARTH FILLING STATION","Ambala"," Ambala","Haryana","0.01 Km. SW From SIDDARTH FILLING STATION","Ambala"," Ambala","Haryana",6,"2015-10-09 12:05:36","PROC_ROUTE_DEVIATION_ALERT",,,"N",0,1
160788,"4276","0682067868","2015-10-09 09:13:00","2015-10-09 09:28:17","0.03 Km. E From JALANDHAR TERMINAL","Jalandhar - I"," - I,"," I,Jalandhar-Punjab","0.09 Km. N From JALANDHAR TERMINAL","Jalandhar - I"," - I,"," I,Jalandhar-Punjab",15,"2015-10-09 11:59:03","PROC_ROUTE_DEVIATION_ALERT",,,"N",0,1
160787,"4044","0682067869","2015-10-09 10:55:08","2015-10-09 11:00:11","0.65 Km. S From Dam Dam Sahib","Baba Bakala"," Amritsar","Punjab","0.78 Km. NE From HARMAN FILLING STATION-636","Baba Bakala"," -636;Baba Bakala,","636;Baba Bakala,Amritsar-Punjab",5,"2015-10-09 11:58:10","PROC_ROUTE_DEVIATION_ALERT",,,"N",0,1
160786,"4044","0682067869","2015-10-09 09:13:20","2015-10-09 09:22:41","0.04 Km. N From JALANDHAR TERMINAL","Jalandhar - I"," - I,"," I,Jalandhar-Punjab","0.10 Km. N From JALANDHAR TERMINAL","Jalandhar - I"," - I,"," I,Jalandhar-Punjab",9,"2015-10-09 11:58:04","PROC_ROUTE_DEVIATION_ALERT",,,"N",0,1
160785,"2357","0682067750","2015-10-09 10:41:58","2015-10-09 10:52:38","1.91 Km. SW From Pt. Bakshi Das Inter College","Meerut"," Meerut","Uttar Pradesh","0.22 Km. N From Puda","Meerut"," Meerut","Uttar Pradesh",10,"2015-10-09 11:57:16","PROC_ROUTE_DEVIATION_ALERT",,,"N",0,1
160784,"2357","0682067750","2015-10-09 09:15:33","2015-10-09 09:21:43","0.07 Km. N From PARTAPUR DEPOT","Meerut"," Meerut","Uttar Pradesh","0.08 Km. N From PARTAPUR DEPOT","Meerut"," Meerut","Uttar Pradesh",6,"2015-10-09 11:57:13","PROC_ROUTE_DEVIATION_ALERT",,,"N",0,1
160783,"5439","0682067819","2015-10-09 09:12:19","2015-10-09 09:17:20","0.06 Km. S From DEVANAGONTHI TERMINAL","Hosakote"," Bangalore (Rural)","Karnataka","0.05 Km. SW From DEVANAGONTHI TERMINAL","Hosakote"," Bangalore (Rural)","Karnataka",5,"2015-10-09 11:56:11","PROC_ROUTE_DEVIATION_ALERT",,,"N",0,1
160782,"5223","0682066931","2015-10-09 10:28:40","2015-10-09 10:56:29","0.04 Km. W From Silk Board Bus Stop","Banglore"," Banglore","Karnataka","0.00 Km. NE From Classis Comfort Hotel Loding","Banglore"," Banglore","Karnataka",27,"2015-10-09 11:55:13","PROC_ROUTE_DEVIATION_ALERT",,,"N",0,1
160781,"5223","0682066931","2015-10-09 08:56:36","2015-10-09 09:05:14","0.95 Km. SE From ITC Biscuit Factory","Hosakote"," Bangalore (Rural)","Karnataka","1.23 Km. E From Manoj Medicals","Bangalore East"," Bangalore (Rural)","Karnataka",8,"2015-10-09 11:55:08","PROC_ROUTE_DEVIATION_ALERT",,,"N",0,1
160780,"4063","0682068017","2015-10-09 09:20:31","2015-10-09 09:31:13","0.02 Km. E From JALANDHAR TERMINAL","Jalandhar - I"," - I,"," I,Jalandhar-Punjab","0.09 Km. N From JALANDHAR TERMINAL","Jalandhar - I"," - I,"," I,Jalandhar-Punjab",10,"2015-10-09 11:49:47","PROC_ROUTE_DEVIATION_ALERT",,,"N",0,1
160779,"4920","0682067639","2015-10-09 08:59:46","2015-10-09 09:15:48","0.02 Km. E From JALANDHAR TERMINAL","Jalandhar - I"," - I,"," I,Jalandhar-Punjab","0.10 Km. N From JALANDHAR TERMINAL","Jalandhar - I"," - I,"," I,Jalandhar-Punjab",16,"2015-10-09 11:47:30","PROC_ROUTE_DEVIATION_ALERT",,,"N",0,1
160778,"7133","0682066892","2015-10-09 10:39:17","2015-10-09 10:44:53","0.18 Km. S From Avadhpur Sardar Nagar School","Chauri Chaura"," Gorakhpur","Uttar Pradesh","0.08 Km. S From Avadhpur Sardar Nagar School","Chauri Chaura"," Gorakhpur","Uttar Pradesh",5,"2015-10-09 11:45:44","PROC_ROUTE_DEVIATION_ALERT",,,"N",0,1
160777,"5096","0682066812","2015-10-09 10:50:34","2015-10-09 10:57:40","0.70 Km. E From Ganga Jyoti","Mulbagal"," Kolar","Karnataka","0.41 Km. SW From Hindustan Petroleum","Mulbagal"," Kolar","Karnataka",7,"2015-10-09 11:44:45","PROC_ROUTE_DEVIATION_ALERT",,,"N",0,1
160776,"3703","0682066671","2015-10-09 08:38:53","2015-10-09 08:45:29","0.11 Km. NE From Hyundai Service","Jalandhar - I"," - I,"," I,Jalandhar-Punjab","0.12 Km. NE From Hyundai Service","Jalandhar - I"," - I,"," I,Jalandhar-Punjab",6,"2015-10-09 11:43:28","PROC_ROUTE_DEVIATION_ALERT",,,"N",0,1
160775,"3703","0682066671","2015-10-09 08:28:55","2015-10-09 08:36:33","0.07 Km. NW From JALANDHAR TERMINAL","Jalandhar - I"," - I,"," I,Jalandhar-Punjab","0.09 Km. N From JALANDHAR TERMINAL","Jalandhar - I"," - I,"," I,Jalandhar-Punjab",7,"2015-10-09 11:43:27","PROC_ROUTE_DEVIATION_ALERT",,,"N",0,1
160774,"1600","0682067783","2015-10-09 10:43:26","2015-10-09 11:13:00","0.27 Km. E From Elastometric Molding Lines","Delhi"," Delhi","Delhi","0.10 Km. NE  From Vijaya , Mangolpuri",", Mangolpuri;","  Mangolpuri;Delhi,Delhi","Delhi",29,"2015-10-09 11:40:23","PROC_ROUTE_DEVIATION_ALERT",,,"N",0,1
160773,"1967","0682067802","2015-10-09 09:12:02","2015-10-09 09:17:31","0.06 Km. E From PANIPAT TOP","Gharaunda"," Panipat","Haryana","0.07 Km. SW From PANIPAT TOP","Gharaunda"," Panipat","Haryana",5,"2015-10-09 11:39:34","PROC_ROUTE_DEVIATION_ALERT",,,"N",0,1
160772,"5217","0682067401","2015-10-09 09:31:40","2015-10-09 09:59:40","0.05 Km. W From Sante gate hosakote  jn","Hosakote"," Bangalore (Rural)","Karnataka","0.03 Km.  N From Masjid-E- Noor , B Narayanapura",", B Narayanapura;"," -E- Noor ,","E- Noor , B Narayanapura;Banglore,Banglore-Karnataka",28,"2015-10-09 11:38:12","PROC_ROUTE_DEVIATION_ALERT",,,"N",0,1
160771,"5991","0682067200","2015-10-09 09:28:17","2015-10-09 09:39:52","0.21 Km. SE From Indian Oil Corporation Ltd.","Hosakote"," Bangalore (Rural)","Karnataka","0.80 Km. E From Summer Palace","Hosakote"," Bangalore (Rural)","Karnataka",11,"2015-10-09 11:37:05","PROC_ROUTE_DEVIATION_ALERT",,,"N",0,1
160770,"1335","0682066941","2015-10-09 11:19:06","2015-10-09 11:26:10","0.22 Km. SE  From DDA Chief Engineering , Keren Lines",", Keren Lines;","  Keren Lines;Delhi,Delhi","Delhi","0.06 Km. S  From Akanksha , Motibagh North",", Motibagh North;","  Motibagh North;Delhi,Delhi","Delhi",7,"2015-10-09 11:36:15","PROC_ROUTE_DEVIATION_ALERT",,,"N",0,1
160769,"1335","0682066941","2015-10-09 10:45:03","2015-10-09 10:51:34","0.22 Km. N From Agni Insulations","Delhi"," Delhi","Delhi","0.02 Km. E  From New Laxmi Sweets , Pushpanjali Farms",", Pushpanjali Farms;","  Pushpanjali Farms;Delhi,Delhi","Delhi",6,"2015-10-09 11:36:14","PROC_ROUTE_DEVIATION_ALERT",,,"N",0,1
160768,"7778","0682066478","2015-10-09 09:40:11","2015-10-09 09:46:47","0.04 Km. NE  From Mata , Naraina Indl Estate Phase I",", Naraina Indl Estate Phase I;","  Naraina Indl Estate Phase I;Delhi,Delhi","Delhi","0.07 Km. S  From Vikas Surya , New Moti Nagar",", New Moti Nagar;","  New Moti Nagar;Delhi,Delhi","Delhi",6,"2015-10-09 11:35:27","PROC_ROUTE_DEVIATION_ALERT",,,"N",0,1
160767,"7778","0682066478","2015-10-09 08:52:05","2015-10-09 08:57:39","0.08 Km. NE  From Shri Baba Balak Nath , Pushpanjali Farms",", Pushpanjali Farms;","  Pushpanjali Farms;Delhi,Delhi","Delhi","0.13 Km. W From Shiv Murti Petrol Pump","Delhi"," Delhi","Delhi",5,"2015-10-09 11:35:25","PROC_ROUTE_DEVIATION_ALERT",,,"N",0,1
160766,"7778","0682066478","2015-10-09 08:17:19","2015-10-09 08:30:21","0.29 Km. E From BIJWASAN TERMINAL","Delhi"," Delhi","Delhi","0.01 Km. NE From DELHI TERMINAL","Delhi"," Delhi","Delhi",13,"2015-10-09 11:35:24","PROC_ROUTE_DEVIATION_ALERT",,,"N",0,1
160765,"1616","0682068290","2015-10-09 09:32:25","2015-10-09 09:48:43","0.03 Km. SW From BATHINDA TERMINAL","Bathinda"," Bathinda","Punjab","0.18 Km. NW From BHARAT AUTO CARE","Bathinda"," Bathinda","Punjab",16,"2015-10-09 11:30:38","PROC_ROUTE_DEVIATION_ALERT",,,"N",0,1
160764,"5407","0682067635","2015-10-09 11:07:02","2015-10-09 11:18:53","1.31 Km. W From Marthoma Camp Centre","Dod Ballapur"," Bangalore (Rural)","Karnataka","0.02 Km. NE From Indian Oil Corporation Ltd.","Dod Ballapur"," Bangalore (Rural)","Karnataka",11,"2015-10-09 11:29:29","PROC_ROUTE_DEVIATION_ALERT",,,"N",0,1
160763,"3974","0682066441","2015-10-09 08:30:03","2015-10-09 08:41:04","0.03 Km. E From JALANDHAR TERMINAL","Jalandhar - I"," - I,"," I,Jalandhar-Punjab","0.09 Km. N From JALANDHAR TERMINAL","Jalandhar - I"," - I,"," I,Jalandhar-Punjab",11,"2015-10-09 11:28:28","PROC_ROUTE_DEVIATION_ALERT",,,"N",0,1
160762,"5368","0682066633","2015-10-09 10:04:19","2015-10-09 10:57:14","0.02 Km. N From Tin Factory Bus Stand NH 4","Banglore"," Banglore","Karnataka","0.04 Km. S From Bungee Jumping","Banglore"," Banglore","Karnataka",52,"2015-10-09 11:27:30","PROC_ROUTE_DEVIATION_ALERT",,,"N",0,1
160761,"2058","0682066545","2015-10-09 08:09:40","2015-10-09 08:28:48","0.09 Km. SE From JALANDHAR TERMINAL","Jalandhar - I"," - I,"," I,Jalandhar-Punjab","0.12 Km. N From JALANDHAR TERMINAL","Jalandhar - I"," - I,"," I,Jalandhar-Punjab",19,"2015-10-09 11:26:35","PROC_ROUTE_DEVIATION_ALERT",,,"N",0,1
160760,"7043","0682068341","2015-10-09 10:04:06","2015-10-09 10:11:01","0.01 Km. SE From KULLU DEPOT","Kullu"," Kullu","Himachal Pradesh","0.02 Km. S From Indian Oil Corporation Ltd.","Kullu"," Kullu","Himachal Pradesh",6,"2015-10-09 11:22:20","PROC_ROUTE_DEVIATION_ALERT",,,"N",0,1
160759,"7043","0682068341","2015-10-09 09:54:05","2015-10-09 10:02:05","0.00 Km. E From KULLU DEPOT","Kullu"," Kullu","Himachal Pradesh","0.03 Km. E From KULLU DEPOT","Kullu"," Kullu","Himachal Pradesh",8,"2015-10-09 11:22:19","PROC_ROUTE_DEVIATION_ALERT",,,"N",0,1
160758,"6184","0682068177","2015-10-09 09:22:39","2015-10-09 09:42:12","0.09 Km. NE From ROORKEE TOP","Roorkee"," Haridwar","Uttaranchal","0.09 Km. NE From ROORKEE TOP","Roorkee"," Haridwar","Uttaranchal",19,"2015-10-09 11:15:12","PROC_ROUTE_DEVIATION_ALERT",,,"N",0,1
160757,"2381","0682068210","2015-10-09 09:21:38","2015-10-09 09:28:09","0.22 Km. SW From REWARI TERMINAL","Rewari"," Rewari","Haryana","0.16 Km. W From REWARI TERMINAL","Rewari"," Rewari","Haryana",6,"2015-10-09 11:13:53","PROC_ROUTE_DEVIATION_ALERT",,,"N",0,1
160756,"7543","0682068048","2015-10-09 10:52:38","2015-10-09 11:02:09","0.25 Km. N From Rajput Motor Works","Ludhiana (West)"," Ludhiana","Punjab","0.08 Km. E From HIRA FILLING STATION -121","Ludhiana (West)"," -121;Ludhiana (West),","121;Ludhiana (West),Ludhiana-Punjab",9,"2015-10-09 11:13:02","PROC_ROUTE_DEVIATION_ALERT",,,"N",0,1
160755,"7543","0682068048","2015-10-09 09:18:57","2015-10-09 09:28:57","0.02 Km. E From JALANDHAR TERMINAL","Jalandhar - I"," - I,"," I,Jalandhar-Punjab","0.12 Km. N From JALANDHAR TERMINAL","Jalandhar - I"," - I,"," I,Jalandhar-Punjab",10,"2015-10-09 11:13:00","PROC_ROUTE_DEVIATION_ALERT",,,"N",0,1
160754,"1566","0682067842","2015-10-09 09:53:01","2015-10-09 10:10:02","0.18 Km. N From Agni Insulations","Delhi"," Delhi","Delhi","1.63 Km. S From Billu Hardware Shop","Delhi"," Delhi","Delhi",17,"2015-10-09 11:12:15","PROC_ROUTE_DEVIATION_ALERT",,,"N",0,1
160753,"1566","0682067842","2015-10-09 09:11:29","2015-10-09 09:30:20","0.16 Km. SE From BIJWASAN TERMINAL","Delhi"," Delhi","Delhi","0.02 Km. NE From DELHI TERMINAL","Delhi"," Delhi","Delhi",18,"2015-10-09 11:12:14","PROC_ROUTE_DEVIATION_ALERT",,,"N",0,1
160752,"3191","0682067778","2015-10-09 10:17:11","2015-10-09 10:29:00","0.04 Km. S From DREAM LEISURE DESTINATIONS INDIA PVT LTD","Hapur"," Ghaziabad","Uttar Pradesh","0.43 Km. W From Toll Plaza Village Babugarh","Hapur"," Ghaziabad","Uttar Pradesh",11,"2015-10-09 11:11:43","PROC_ROUTE_DEVIATION_ALERT",,,"N",0,1
160751,"3191","0682067778","2015-10-09 09:41:57","2015-10-09 09:47:27","1.05 Km. N From AL FAHEEM MEATEX PVT LTD","Meerut"," Meerut","Uttar Pradesh","0.23 Km. N From Puda","Meerut"," Meerut","Uttar Pradesh",5,"2015-10-09 11:11:41","PROC_ROUTE_DEVIATION_ALERT",,,"N",0,1
160750,"2451","0682066746","2015-10-09 09:53:07","2015-10-09 10:08:12","1.25 Km. NE From J RAJ FILLING STATION-146","Sultanpur Lodhi"," -146;Sultanpur Lodhi,","146;Sultanpur Lodhi,Kapurthala-Punjab","0.00 Km. SW From Tashpur Village","Shahkot"," Kapurthala","Punjab",15,"2015-10-09 11:09:16","PROC_ROUTE_DEVIATION_ALERT",,,"N",0,1
160749,"2451","0682066746","2015-10-09 08:28:31","2015-10-09 08:35:56","0.07 Km. NW From JALANDHAR TERMINAL","Jalandhar - I"," - I,"," I,Jalandhar-Punjab","0.09 Km. N From JALANDHAR TERMINAL","Jalandhar - I"," - I,"," I,Jalandhar-Punjab",7,"2015-10-09 11:09:11","PROC_ROUTE_DEVIATION_ALERT",,,"N",0,1
160748,"6947","0682068164","2015-10-09 09:31:55","2015-10-09 09:42:54","0.06 Km. E From IBP COCO SEMERPAHA LALGANJ","Kanpur"," Kanpur (Urban)","Uttar Pradesh","0.03 Km. SW From Gate No-3-Kanpur Terminal","Kanpur"," -3-Kanpur Terminal;Kanpur,","3-Kanpur Terminal;Kanpur,Kanpur (Urban)-Uttar Pradesh",10,"2015-10-09 11:07:47","PROC_ROUTE_DEVIATION_ALERT",,,"N",0,1
160747,"3279","0682067977","2015-10-09 10:07:55","2015-10-09 10:14:19","0.56 Km. SE From RUGS INDIA","Panipat"," Panipat","Haryana","0.02 Km. NW From Malik Lal Chand and Sons - IBP","Panipat"," - IBP;Panipat,"," IBP;Panipat,Panipat-Haryana",6,"2015-10-09 11:07:43","PROC_ROUTE_DEVIATION_ALERT",,,"N",0,1
160746,"1651","0682067488","2015-10-09 09:00:33","2015-10-09 09:16:53","0.16 Km. SE From BIJWASAN TERMINAL","Delhi"," Delhi","Delhi","0.04 Km. NW From DELHI TERMINAL","Delhi"," Delhi","Delhi",16,"2015-10-09 11:05:47","PROC_ROUTE_DEVIATION_ALERT",,,"N",0,1
160745,"7786","0682067371","2015-10-09 08:52:12","2015-10-09 08:58:20","0.29 Km. E From BIJWASAN TERMINAL","Delhi"," Delhi","Delhi","0.33 Km. NW From DELHI TERMINAL","Delhi"," Delhi","Delhi",6,"2015-10-09 11:05:15","PROC_ROUTE_DEVIATION_ALERT",,,"N",0,1
160744,"6511","0682066859","2015-10-09 08:28:15","2015-10-09 08:38:09","0.05 Km. S From JALANDHAR TERMINAL","Jalandhar - I"," - I,"," I,Jalandhar-Punjab","0.15 Km. S From Vikas Motors","Jalandhar - I"," - I,"," I,Jalandhar-Punjab",9,"2015-10-09 11:04:23","PROC_ROUTE_DEVIATION_ALERT",,,"N",0,1
160743,"610","0682065823","2015-10-09 09:37:39","2015-10-09 09:52:09","0.19 Km. S From V K FILLING STATION","Gorakhpur","Gorakhpur","Uttar Pradesh","0.06 Km. N From PREM AUTO SERVICE(GKP)","Gorakhpur"," Gorakhpur","Uttar Pradesh",14,"2015-10-09 11:03:23","PROC_ROUTE_DEVIATION_ALERT",,,"N",0,1
160742,"2272","0682065533","2015-10-09 07:00:25","2015-10-09 07:13:57","0.03 Km. NE From JALANDHAR TERMINAL","Jalandhar - I"," - I,"," I,Jalandhar-Punjab","0.10 Km. N From JALANDHAR TERMINAL","Jalandhar - I"," - I,"," I,Jalandhar-Punjab",13,"2015-10-09 11:03:05","PROC_ROUTE_DEVIATION_ALERT",,,"N",0,1
160741,"1356","0682067513","2015-10-09 10:18:59","2015-10-09 10:30:30","0.23 Km. SE From Raksha Bhavan","Delhi"," Delhi","Delhi","0.17 Km. NE From Surgeine Healthcare I Pvt  Ltd","Delhi"," Delhi","Delhi",11,"2015-10-09 10:59:29","PROC_ROUTE_DEVIATION_ALERT",,,"N",0,1
160740,"3705","0682066480","2015-10-09 08:10:59","2015-10-09 08:23:30","0.12 Km. SE From JALANDHAR TERMINAL","Jalandhar - I"," - I,"," I,Jalandhar-Punjab","0.10 Km. N From JALANDHAR TERMINAL","Jalandhar - I"," - I,"," I,Jalandhar-Punjab",12,"2015-10-09 10:54:12","PROC_ROUTE_DEVIATION_ALERT",,,"N",0,1
160739,"7538","0682064772","2015-10-09 10:11:20","2015-10-09 10:42:30","0.10 Km. SE From Pathankot Hospital Trauma Centre","Batala"," Gurdaspur","Punjab","0.01 Km. E From GHUMAN AUTO OILS-626","Batala"," -626;Batala,","626;Batala,Gurdaspur-Punjab",31,"2015-10-09 10:52:00","PROC_ROUTE_DEVIATION_ALERT",,,"N",0,1
160738,"7538","0682064772","2015-10-09 06:56:53","2015-10-09 07:12:12","0.02 Km. N From JALANDHAR TERMINAL","Jalandhar - I"," - I,"," I,Jalandhar-Punjab","0.11 Km. N From JALANDHAR TERMINAL","Jalandhar - I"," - I,"," I,Jalandhar-Punjab",15,"2015-10-09 10:51:45","PROC_ROUTE_DEVIATION_ALERT",,,"N",0,1
160737,"6394","0682065496","2015-10-09 10:38:20","2015-10-09 10:45:04","1.30 Km. NW From BMS College","Arkalgud"," Hassan","Karnataka","0.04 Km. E From S.M I.T.I College","Arkalgud"," Hassan","Karnataka",6,"2015-10-09 10:50:54","PROC_ROUTE_DEVIATION_ALERT",,,"N",0,1
160736,"6394","0682065496","2015-10-09 08:43:21","2015-10-09 08:48:56","0.05 Km. SE From HASSAN TOP","Hassan"," Hassan","Karnataka","0.04 Km. SE From HASSAN TOP","Hassan"," Hassan","Karnataka",5,"2015-10-09 10:50:50","PROC_ROUTE_DEVIATION_ALERT",,,"N",0,1
160735,"6394","0682065496","2015-10-09 07:51:48","2015-10-09 08:03:28","0.16 Km. SW From HASSAN TOP","Hassan"," Hassan","Karnataka","0.10 Km. SW From HASSAN TOP","Hassan"," Hassan","Karnataka",11,"2015-10-09 10:50:49","PROC_ROUTE_DEVIATION_ALERT",,,"N",0,1
160734,"7766","0682067590","2015-10-09 09:03:05","2015-10-09 09:29:22","0.10 Km. SE From BIJWASAN TERMINAL","Delhi"," Delhi","Delhi","0.11 Km. N From Agni Insulations","Delhi"," Delhi","Delhi",26,"2015-10-09 10:47:39","PROC_ROUTE_DEVIATION_ALERT",,,"N",0,1
160733,"5342","0682067479","2015-10-09 10:16:31","2015-10-09 10:21:44","0.02 Km.  NE From Mallappa , Devasandra",", Devasandra;","  Devasandra;Banglore,Banglore","Karnataka","0.03 Km.  N From Karnataka Trade Promotion Organigation , B Narayanapura",", B Narayanapura;","  B Narayanapura;Banglore,Banglore","Karnataka",5,"2015-10-09 10:46:51","PROC_ROUTE_DEVIATION_ALERT",,,"N",0,1
160732,"1590","0682067189","2015-10-09 10:06:18","2015-10-09 10:14:37","0.24 Km. E From Chittranjan Park Mela Ground","Delhi"," Delhi","Delhi","0.06 Km. SW From International Bussiness Lounge","Delhi"," Delhi","Delhi",8,"2015-10-09 10:45:14","PROC_ROUTE_DEVIATION_ALERT",,,"N",0,1
160731,"4097","0682066625","2015-10-09 09:32:36","2015-10-09 09:40:02","0.30 Km. SE From Fattowal Kothe","Dasua"," Hoshiarpur","Punjab","0.18 Km. E From Pathak Hospital","Dasua"," Hoshiarpur","Punjab",7,"2015-10-09 10:43:08","PROC_ROUTE_DEVIATION_ALERT",,,"N",0,1
160730,"5961","0682066278","2015-10-09 08:00:40","2015-10-09 08:14:44","0.04 Km. E From JALANDHAR TERMINAL","Jalandhar - I"," - I,"," I,Jalandhar-Punjab","0.10 Km. N From JALANDHAR TERMINAL","Jalandhar - I"," - I,"," I,Jalandhar-Punjab",14,"2015-10-09 10:42:17","PROC_ROUTE_DEVIATION_ALERT",,,"N",0,1
160729,"4079","0682065941","2015-10-09 10:21:56","2015-10-09 10:31:59","0.91 Km.  NE From Shahbazpur","Patti"," Amritsar","Punjab","0.04 Km. NW From GM PUNJAB ROADWAYS PATTI-224","Patti"," -224;Patti,","224;Patti,Amritsar-Punjab",10,"2015-10-09 10:41:22","PROC_ROUTE_DEVIATION_ALERT",,,"N",0,1
160728,"4079","0682065941","2015-10-09 07:42:55","2015-10-09 07:48:11","0.06 Km. NW From JALANDHAR TERMINAL","Jalandhar - I"," - I,"," I,Jalandhar-Punjab","0.11 Km. N From JALANDHAR TERMINAL","Jalandhar - I"," - I,"," I,Jalandhar-Punjab",5,"2015-10-09 10:41:16","PROC_ROUTE_DEVIATION_ALERT",,,"N",0,1
160727,"1376","0682067463","2015-10-09 09:35:45","2015-10-09 09:46:45","0.17 Km. N From Agni Insulations","Delhi"," Delhi","Delhi","0.04 Km. N  From New Laxmi Sweets , Pushpanjali Farms",", Pushpanjali Farms;","  Pushpanjali Farms;Delhi,Delhi","Delhi",11,"2015-10-09 10:37:48","PROC_ROUTE_DEVIATION_ALERT",,,"N",0,1
160726,"5965","0682067351","2015-10-09 08:57:20","2015-10-09 09:02:23","0.06 Km. NW From JALANDHAR TERMINAL","Jalandhar - I"," - I,"," I,Jalandhar-Punjab","0.09 Km. N From JALANDHAR TERMINAL","Jalandhar - I"," - I,"," I,Jalandhar-Punjab",5,"2015-10-09 10:36:16","PROC_ROUTE_DEVIATION_ALERT",,,"N",0,1
160725,"1371","0682067304","2015-10-09 09:52:12","2015-10-09 10:14:17","0.06 Km. S From Hotel Samrat","Delhi"," Delhi","Delhi","0.21 Km. NE From Surgeine Healthcare I Pvt  Ltd","Delhi"," Delhi","Delhi",22,"2015-10-09 10:35:31","PROC_ROUTE_DEVIATION_ALERT",,,"N",0,1
160724,"6092","0682066464","2015-10-09 08:45:05","2015-10-09 09:26:52","1.68 Km. S From Devanagonthi cross hosakote- malur road jn","Hosakote"," - malur road jn;Hosakote,"," malur road jn;Hosakote,Bangalore (Rural)-Karnataka","0.02 Km.  N From Priyadarshini , B Narayanapura",", B Narayanapura;","  B Narayanapura;Banglore,Banglore","Karnataka",41,"2015-10-09 10:34:38","PROC_ROUTE_DEVIATION_ALERT",,,"N",0,1
160723,"1909","0682066360","2015-10-09 08:10:52","2015-10-09 08:16:19","0.06 Km. W From JALANDHAR TERMINAL","Jalandhar - I"," - I,"," I,Jalandhar-Punjab","0.09 Km. N From JALANDHAR TERMINAL","Jalandhar - I"," - I,"," I,Jalandhar-Punjab",5,"2015-10-09 10:33:29","PROC_ROUTE_DEVIATION_ALERT",,,"N",0,1
160722,"3755","0682066203","2015-10-09 08:10:54","2015-10-09 08:19:23","0.07 Km. NW From JALANDHAR TERMINAL","Jalandhar - I"," - I,"," I,Jalandhar-Punjab","0.08 Km. E From Gurunanak General Store","Jalandhar - I"," - I,"," I,Jalandhar-Punjab",8,"2015-10-09 10:32:25","PROC_ROUTE_DEVIATION_ALERT",,,"N",0,1
160721,"6105","0682066012","2015-10-09 09:41:10","2015-10-09 10:23:47","0.12 Km. NW From Associated Hydro Pressing","Banglore"," Banglore","Karnataka","0.01 Km.  S From Veedol Tide Water Oil Company India Limited , Yesvantpur Industrial Area",", Yesvantpur Industrial Area;","  Yesvantpur Industrial Area;Banglore,Banglore","Karnataka",42,"2015-10-09 10:31:42","PROC_ROUTE_DEVIATION_ALERT",,,"N",0,1
160720,"6105","0682066012","2015-10-09 08:15:55","2015-10-09 09:37:39","0.61 Km. NE From railway track crossing towards white field","Hosakote"," Bangalore (Rural)","Karnataka","0.03 Km.  NW From Sharadha , B Narayanapura",", B Narayanapura;","  B Narayanapura;Banglore,Banglore","Karnataka",81,"2015-10-09 10:31:40","PROC_ROUTE_DEVIATION_ALERT",,,"N",0,1
160719,"7544","0682067210","2015-10-09 08:50:00","2015-10-09 08:56:00","0.05 Km. NW From JALANDHAR TERMINAL","Jalandhar - I"," - I,"," I,Jalandhar-Punjab","0.10 Km. N From JALANDHAR TERMINAL","Jalandhar - I"," - I,"," I,Jalandhar-Punjab",6,"2015-10-09 10:29:05","PROC_ROUTE_DEVIATION_ALERT",,,"N",0,1
160718,"7623","0682067026","2015-10-09 08:39:37","2015-10-09 08:53:56","0.05 Km. E From JALANDHAR TERMINAL","Jalandhar - I"," - I,"," I,Jalandhar-Punjab","0.11 Km. N From JALANDHAR TERMINAL","Jalandhar - I"," - I,"," I,Jalandhar-Punjab",14,"2015-10-09 10:28:53","PROC_ROUTE_DEVIATION_ALERT",,,"N",0,1
160717,"4095","0682066980","2015-10-09 09:55:29","2015-10-09 10:10:18","0.94 Km. W From Bharat Petroleum Corporation Ltd.","Nawanshahr"," Hoshiarpur","Punjab","0.03 Km. NW From District Court","Garhshankar"," Hoshiarpur","Punjab",14,"2015-10-09 10:28:48","PROC_ROUTE_DEVIATION_ALERT",,,"N",0,1
160716,"4095","0682066980","2015-10-09 09:29:23","2015-10-09 09:50:00","0.74 Km. W From Hindustan Petroleum Corporation Ltd.","Phillaur"," Jalandhar","Punjab","0.42 Km. E From DOABA PUNJABI CHRISTIAN SABHA","Nawanshahr"," Hoshiarpur","Punjab",20,"2015-10-09 10:28:46","PROC_ROUTE_DEVIATION_ALERT",,,"N",0,1
160715,"4095","0682066980","2015-10-09 08:39:42","2015-10-09 08:45:17","0.07 Km. NW From JALANDHAR TERMINAL","Jalandhar - I"," - I,"," I,Jalandhar-Punjab","0.09 Km. N From JALANDHAR TERMINAL","Jalandhar - I"," - I,"," I,Jalandhar-Punjab",5,"2015-10-09 10:28:41","PROC_ROUTE_DEVIATION_ALERT",,,"N",0,1
160714,"1870","0682066501","2015-10-09 08:57:57","2015-10-09 09:04:58","0.04 Km. N From Geeta colony Fire Station","Delhi"," Delhi","Delhi","0.06 Km. E From Pan Communication P Ltd","Delhi"," Delhi","Delhi",7,"2015-10-09 10:26:37","PROC_ROUTE_DEVIATION_ALERT",,,"N",0,1
160713,"1648","0682066686","2015-10-09 08:32:02","2015-10-09 08:41:33","0.34 Km. SE From BIJWASAN TERMINAL","Delhi"," Delhi","Delhi","0.04 Km. E From DELHI TERMINAL","Delhi"," Delhi","Delhi",9,"2015-10-09 10:22:32","PROC_ROUTE_DEVIATION_ALERT",,,"N",0,1
160712,"7098","0682066880","2015-10-09 09:40:43","2015-10-09 09:55:46","0.07 Km. SW  From OGIS Institute , Pandara Park",", Pandara Park;","  Pandara Park;Delhi,Delhi","Delhi","0.17 Km. NE From Surgeine Healthcare I Pvt  Ltd","Delhi"," Delhi","Delhi",15,"2015-10-09 10:21:44","PROC_ROUTE_DEVIATION_ALERT",,,"N",0,1
160711,"7098","0682066880","2015-10-09 08:25:21","2015-10-09 08:38:52","0.24 Km. SE From BIJWASAN TERMINAL","Delhi"," Delhi","Delhi","0.03 Km. N From DELHI TERMINAL","Delhi"," Delhi","Delhi",13,"2015-10-09 10:21:42","PROC_ROUTE_DEVIATION_ALERT",,,"N",0,1
160710,"1369","0682066534","2015-10-09 09:31:28","2015-10-09 09:48:22","0.06 Km. NW  From Electricity Office , Rabindra Nagar",", Rabindra Nagar;","  Rabindra Nagar;Delhi,Delhi","Delhi","0.17 Km. NE From Surgeine Healthcare I Pvt  Ltd","Delhi"," Delhi","Delhi",16,"2015-10-09 10:20:37","PROC_ROUTE_DEVIATION_ALERT",,,"N",0,1
160709,"1369","0682066534","2015-10-09 08:11:02","2015-10-09 08:25:44","0.31 Km. NW From DELHI TERMINAL","Delhi"," Delhi","Delhi","0.05 Km. N From DELHI TERMINAL","Delhi"," Delhi","Delhi",14,"2015-10-09 10:20:34","PROC_ROUTE_DEVIATION_ALERT",,,"N",0,1
160708,"2132","0682066318","2015-10-09 08:10:56","2015-10-09 08:21:40","0.05 Km. E From JALANDHAR TERMINAL","Jalandhar - I"," - I,"," I,Jalandhar-Punjab","0.09 Km. N From JALANDHAR TERMINAL","Jalandhar - I"," - I,"," I,Jalandhar-Punjab",10,"2015-10-09 10:19:42","PROC_ROUTE_DEVIATION_ALERT",,,"N",0,1
160707,"7613","0682065658","2015-10-09 10:02:18","2015-10-09 10:08:46","0.08 Km. NE From Muncipal Corporation Amritsar","Amritsar- II"," - II,"," II,Amritsar-Punjab","0.04 Km. SE From G M PUNJAB ROADWAYS-ASR2-226","Amritsar- II"," -ASR2-226;Amritsar- II,","ASR2-226;Amritsar- II,Amritsar-Punjab",6,"2015-10-09 10:16:04","PROC_ROUTE_DEVIATION_ALERT",,,"N",0,1
160706,"7613","0682065658","2015-10-09 07:42:23","2015-10-09 07:49:17","0.07 Km. E From JALANDHAR TERMINAL","Jalandhar - I"," - I,"," I,Jalandhar-Punjab","0.09 Km. N From JALANDHAR TERMINAL","Jalandhar - I"," - I,"," I,Jalandhar-Punjab",6,"2015-10-09 10:16:00","PROC_ROUTE_DEVIATION_ALERT",,,"N",0,1
160705,"5219","0682065727","2015-10-09 09:30:31","2015-10-09 09:38:24","0.04 Km.  E From HMT , Jalahalli",", Jalahalli;","  Jalahalli;Banglore,Banglore","Karnataka","0.03 Km.  W From Jai Bharath Auto Stand , Khata Nagar",", Khata Nagar;","  Khata Nagar;Banglore,Banglore","Karnataka",7,"2015-10-09 10:15:20","PROC_ROUTE_DEVIATION_ALERT",,,"N",0,1
160704,"5219","0682065727","2015-10-09 07:19:55","2015-10-09 07:34:06","0.03 Km. SE From DEVANAGONTHI TERMINAL","Hosakote"," Bangalore (Rural)","Karnataka","0.15 Km. W From iocl terminal","Hosakote"," Bangalore (Rural)","Karnataka",14,"2015-10-09 10:15:11","PROC_ROUTE_DEVIATION_ALERT",,,"N",0,1
160703,"3633","0682068484","2015-10-09 09:53:08","2015-10-09 10:01:08","0.38 Km. E From PAHWA AUTO CENTRE","Rewari"," Rewari","Haryana","0.03 Km. S From SINGH FILLING STATION","Rewari"," Rewari","Haryana",8,"2015-10-09 10:12:20","PROC_ROUTE_DEVIATION_ALERT",,,"N",0,1
160702,"4223","0682068047","2015-10-09 09:21:00","2015-10-09 09:29:13","0.03 Km. NE From JALANDHAR TERMINAL","Jalandhar - I"," - I,"," I,Jalandhar-Punjab","0.10 Km. N From JALANDHAR TERMINAL","Jalandhar - I"," - I,"," I,Jalandhar-Punjab",8,"2015-10-09 10:08:43","PROC_ROUTE_DEVIATION_ALERT",,,"N",0,1
160701,"5255","0682066801","2015-10-09 09:47:39","2015-10-09 09:54:58","0.03 Km.  S From Vejayalaxmi Enterprises , Banasvadi",", Banasvadi;","  Banasvadi;Banglore,Banglore","Karnataka","0.01 Km.  S From Fitness World Gym , Banasvadi",", Banasvadi;","  Banasvadi;Banglore,Banglore","Karnataka",7,"2015-10-09 10:05:36","PROC_ROUTE_DEVIATION_ALERT",,,"N",0,1
160700,"5255","0682066801","2015-10-09 09:34:07","2015-10-09 09:42:09","0.06 Km.  E From Vidyarthi Education & Computer Center , Krishnarajapura",", Krishnarajapura;","  Krishnarajapura;Banglore,Banglore","Karnataka","0.03 Km. N From Masjid E Noor","Banglore"," Banglore","Karnataka",8,"2015-10-09 10:05:36","PROC_ROUTE_DEVIATION_ALERT",,,"N",0,1
160699,"2071","0682067746","2015-10-09 09:39:54","2015-10-09 09:47:50","0.32 Km. SW  From Makki , Bharthal",", Bharthal;","  Bharthal;Delhi,Delhi","Delhi","0.22 Km. E From Unique Hospital","Delhi"," Delhi","Delhi",7,"2015-10-09 10:03:01","PROC_ROUTE_DEVIATION_ALERT",,,"N",0,1
160698,"2071","0682067746","2015-10-09 09:09:29","2015-10-09 09:14:29","0.29 Km. E From BIJWASAN TERMINAL","Delhi"," Delhi","Delhi","0.34 Km. NW From DELHI TERMINAL","Delhi"," Delhi","Delhi",5,"2015-10-09 10:02:59","PROC_ROUTE_DEVIATION_ALERT",,,"N",0,1
160697,"7679","0682065654","2015-10-09 09:23:12","2015-10-09 09:32:09","1.78 Km. NE From Baba Ram Jogi Pier Jiii Gurudwara Sahib","Sultanpur Lodhi"," Amritsar","Punjab","1.98 Km. NE From Sandu Palace","Tarn Taran"," Amritsar","Punjab",8,"2015-10-09 09:58:39","PROC_ROUTE_DEVIATION_ALERT",,,"N",0,1
160696,"7679","0682065654","2015-10-09 07:04:12","2015-10-09 07:26:16","0.16 Km. SE From Vikas Motors","Jalandhar - I"," - I,"," I,Jalandhar-Punjab","0.02 Km. W From Hyundai Service","Jalandhar - I"," - I,"," I,Jalandhar-Punjab",22,"2015-10-09 09:58:31","PROC_ROUTE_DEVIATION_ALERT",,,"N",0,1
160695,"5704","0682065494","2015-10-09 08:57:00","2015-10-09 09:24:10","0.05 Km. SE From HASSAN TOP","Hassan"," Hassan","Karnataka","0.04 Km. SE From HASSAN TOP","Hassan"," Hassan","Karnataka",27,"2015-10-09 09:57:44","PROC_ROUTE_DEVIATION_ALERT",,,"N",0,1
160694,"5647","0682065121","2015-10-09 06:55:34","2015-10-09 07:03:11","0.13 Km. W From HASSAN TOP","Hassan"," Hassan","Karnataka","0.09 Km. SW From HASSAN TOP","Hassan"," Hassan","Karnataka",7,"2015-10-09 09:56:40","PROC_ROUTE_DEVIATION_ALERT",,,"N",0,1
160693,"1377","0682066529","2015-10-09 08:55:27","2015-10-09 09:17:02","0.14 Km. NE From Central Base Post Office","Delhi"," Delhi","Delhi","0.11 Km. NW  From Hanuman , Greater Kailash Enclave II",", Greater Kailash Enclave II;","  Greater Kailash Enclave II;Delhi,Delhi","Delhi",21,"2015-10-09 09:54:40","PROC_ROUTE_DEVIATION_ALERT",,,"N",0,1
160692,"1347","0682066206","2015-10-09 07:53:23","2015-10-09 08:06:20","0.34 Km. SE From BIJWASAN TERMINAL","Delhi"," Delhi","Delhi","0.05 Km. NW From DELHI TERMINAL","Delhi"," Delhi","Delhi",12,"2015-10-09 09:51:47","PROC_ROUTE_DEVIATION_ALERT",,,"N",0,1
160691,"6487","0682065678","2015-10-09 09:31:51","2015-10-09 09:37:17","0.87 Km. NE From RADHA SOAMI SATSANG-29","Kapurthala"," -29;Kapurthala,","29;Kapurthala,Amritsar-Punjab","0.40 Km. N From RADHA SOAMI SATSANG-29","Kapurthala"," -29;Kapurthala,","29;Kapurthala,Amritsar-Punjab",5,"2015-10-09 09:51:07","PROC_ROUTE_DEVIATION_ALERT",,,"N",0,1
160690,"6487","0682065678","2015-10-09 07:45:04","2015-10-09 07:54:01","0.05 Km. E From JALANDHAR TERMINAL","Jalandhar - I"," - I,"," I,Jalandhar-Punjab","0.09 Km. N From JALANDHAR TERMINAL","Jalandhar - I"," - I,"," I,Jalandhar-Punjab",8,"2015-10-09 09:51:01","PROC_ROUTE_DEVIATION_ALERT",,,"N",0,1
160689,"2701","0682065271","2015-10-09 07:06:37","2015-10-09 07:26:58","0.05 Km. E From JALANDHAR TERMINAL","Jalandhar - I"," - I,"," I,Jalandhar-Punjab","0.10 Km. N From JALANDHAR TERMINAL","Jalandhar - I"," - I,"," I,Jalandhar-Punjab",20,"2015-10-09 09:49:49","PROC_ROUTE_DEVIATION_ALERT",,,"N",0,1
160688,"7645","0682065096","2015-10-09 06:56:25","2015-10-09 07:11:26","0.03 Km. E From JALANDHAR TERMINAL","Jalandhar - I"," - I,"," I,Jalandhar-Punjab","0.16 Km. N From Hyundai Service","Jalandhar - I"," - I,"," I,Jalandhar-Punjab",15,"2015-10-09 09:48:07","PROC_ROUTE_DEVIATION_ALERT",,,"N",0,1
160687,"3858","0682067047","2015-10-09 09:20:02","2015-10-09 09:29:59","0.06 Km. NE From Traffic Police Chowki","Jalandhar - I"," - I,"," I,Kapurthala-Punjab","0.05 Km. N From LS BHOGAL FILLING STN-667","Phagwara"," -667;Phagwara,","667;Phagwara,Kapurthala-Punjab",9,"2015-10-09 09:43:33","PROC_ROUTE_DEVIATION_ALERT",,,"N",0,1
160686,"3858","0682067047","2015-10-09 08:40:28","2015-10-09 08:54:48","0.03 Km. NE From JALANDHAR TERMINAL","Jalandhar - I"," - I,"," I,Jalandhar-Punjab","0.11 Km. N From JALANDHAR TERMINAL","Jalandhar - I"," - I,"," I,Jalandhar-Punjab",14,"2015-10-09 09:43:30","PROC_ROUTE_DEVIATION_ALERT",,,"N",0,1
160685,"4182","0682066061","2015-10-09 08:13:44","2015-10-09 08:22:18","0.09 Km. E From JALANDHAR TERMINAL","Jalandhar - I"," - I,"," I,Jalandhar-Punjab","0.09 Km. N From JALANDHAR TERMINAL","Jalandhar - I"," - I,"," I,Jalandhar-Punjab",8,"2015-10-09 09:41:22","PROC_ROUTE_DEVIATION_ALERT",,,"N",0,1
160684,"1466","0682066405","2015-10-09 08:48:46","2015-10-09 09:12:51","0.12 Km. SE From Manger Village Check Post","Delhi"," Delhi","Delhi","0.12 Km. W From Akshardham Check Post","Delhi"," Delhi","Delhi",24,"2015-10-09 09:36:06","PROC_ROUTE_DEVIATION_ALERT",,,"N",0,1
160683,"1466","0682066405","2015-10-09 07:57:28","2015-10-09 08:07:58","0.17 Km. SE From BIJWASAN TERMINAL","Delhi"," Delhi","Delhi","0.04 Km. N From DELHI TERMINAL","Delhi"," Delhi","Delhi",10,"2015-10-09 09:36:04","PROC_ROUTE_DEVIATION_ALERT",,,"N",0,1
160682,"7671","0682066926","2015-10-09 08:29:21","2015-10-09 08:42:15","0.04 Km. N From JALANDHAR TERMINAL","Jalandhar - I"," - I,"," I,Jalandhar-Punjab","0.11 Km. N From JALANDHAR TERMINAL","Jalandhar - I"," - I,"," I,Jalandhar-Punjab",12,"2015-10-09 09:31:50","PROC_ROUTE_DEVIATION_ALERT",,,"N",0,1
160681,"1620","0682065958","2015-10-09 09:15:15","2015-10-09 09:22:18","0.18 Km. W From Punjab National Bank","Delhi"," Delhi","Delhi","0.04 Km. NW  From Kendriya Kaksha , Pushpa Vihar",", Pushpa Vihar;","  Pushpa Vihar;Delhi,Delhi","Delhi",7,"2015-10-09 09:28:10","PROC_ROUTE_DEVIATION_ALERT",,,"N",0,1
160680,"1620","0682065958","2015-10-09 07:59:38","2015-10-09 08:06:17","0.17 Km. N From Agni Insulations","Delhi"," Delhi","Delhi","0.04 Km. NE  From Chopra Tours And Travels , Pushpanjali Farms",", Pushpanjali Farms;","  Pushpanjali Farms;Delhi,Delhi","Delhi",6,"2015-10-09 09:28:08","PROC_ROUTE_DEVIATION_ALERT",,,"N",0,1
160679,"7556","0682065891","2015-10-09 09:02:25","2015-10-09 09:16:44","0.29 Km. S From Indraprastha Service Station","Delhi"," Delhi","Delhi","0.06 Km. W From Sai Memorial School","Delhi"," Delhi","Delhi",14,"2015-10-09 09:27:13","PROC_ROUTE_DEVIATION_ALERT",,,"N",0,1
160678,"7657","0682065946","2015-10-09 07:41:47","2015-10-09 07:51:18","0.05 Km. W From JALANDHAR TERMINAL","Jalandhar - I"," - I,"," I,Jalandhar-Punjab","0.13 Km. N From JALANDHAR TERMINAL","Jalandhar - I"," - I,"," I,Jalandhar-Punjab",9,"2015-10-09 09:26:57","PROC_ROUTE_DEVIATION_ALERT",,,"N",0,1
160677,"7662","0682066503","2015-10-09 09:01:17","2015-10-09 09:14:48","0.13 Km. NE From OC FOL DEPOT JAL CANT-252","Jalandhar - I"," -252;Jalandhar - I,","252;Jalandhar - I,Jalandhar-Punjab","0.08 Km. E From OC FOL DEPOT JAL CANT-252","Jalandhar - I"," -252;Jalandhar - I,","252;Jalandhar - I,Jalandhar-Punjab",13,"2015-10-09 09:20:08","PROC_ROUTE_DEVIATION_ALERT",,,"N",0,1
160676,"7662","0682066503","2015-10-09 08:11:09","2015-10-09 08:38:12","0.04 Km. E From JALANDHAR TERMINAL","Jalandhar - I"," - I,"," I,Jalandhar-Punjab","0.12 Km. N From JALANDHAR TERMINAL","Jalandhar - I"," - I,"," I,Jalandhar-Punjab",27,"2015-10-09 09:20:07","PROC_ROUTE_DEVIATION_ALERT",,,"N",0,1
160675,"1460","0682066102","2015-10-09 08:11:42","2015-10-09 08:17:52","0.29 Km. E From BIJWASAN TERMINAL","Delhi"," Delhi","Delhi","0.08 Km. NW From DELHI TERMINAL","Delhi"," Delhi","Delhi",6,"2015-10-09 09:19:42","PROC_ROUTE_DEVIATION_ALERT",,,"N",0,1
160674,"1519","0682066439","2015-10-09 08:03:44","2015-10-09 08:13:17","0.34 Km. E From BIJWASAN TERMINAL","Delhi"," Delhi","Delhi","0.31 Km. NE From Agni Insulations","Delhi"," Delhi","Delhi",9,"2015-10-09 09:19:10","PROC_ROUTE_DEVIATION_ALERT",,,"N",0,1
160673,"4080","0682067174","2015-10-09 08:43:30","2015-10-09 08:48:56","0.08 Km. E From JALANDHAR TERMINAL","Jalandhar - I"," - I,"," I,Jalandhar-Punjab","0.10 Km. N From JALANDHAR TERMINAL","Jalandhar - I"," - I,"," I,Jalandhar-Punjab",5,"2015-10-09 09:13:08","PROC_ROUTE_DEVIATION_ALERT",,,"N",0,1
160672,"3033","0682063223","2015-10-09 07:04:12","2015-10-09 07:15:10","0.05 Km. E From JALANDHAR TERMINAL","Jalandhar - I"," - I,"," I,Jalandhar-Punjab","0.09 Km. N From JALANDHAR TERMINAL","Jalandhar - I"," - I,"," I,Jalandhar-Punjab",10,"2015-10-09 09:04:54","PROC_ROUTE_DEVIATION_ALERT",,,"N",0,1
160671,"1713","0682065729","2015-10-09 07:41:48","2015-10-09 07:54:19","0.35 Km. NW From DELHI TERMINAL","Delhi"," Delhi","Delhi","0.06 Km. E From DELHI TERMINAL","Delhi"," Delhi","Delhi",12,"2015-10-09 09:01:53","PROC_ROUTE_DEVIATION_ALERT",,,"N",0,1
160670,"2284","0682065012","2015-10-09 07:43:24","2015-10-09 07:51:55","0.14 Km. NE  From Taharpur , Bijwasan",", Bijwasan;","  Bijwasan;Delhi,Delhi","Delhi","0.10 Km. SE From Police Post Sector 19","Delhi"," Delhi","Delhi",8,"2015-10-09 08:58:59","PROC_ROUTE_DEVIATION_ALERT",,,"N",0,1
160669,"2284","0682065012","2015-10-09 06:59:04","2015-10-09 07:19:24","0.09 Km. SE From BIJWASAN TERMINAL","Delhi"," Delhi","Delhi","0.02 Km. NE From DELHI TERMINAL","Delhi"," Delhi","Delhi",20,"2015-10-09 08:58:57","PROC_ROUTE_DEVIATION_ALERT",,,"N",0,1
160668,"1533","0682066093","2015-10-09 08:28:22","2015-10-09 08:35:55","0.15 Km. SW  From Iris House , Dwarka",", Dwarka;","  Dwarka;Delhi,Delhi","Delhi","0.14 Km. E From True Web Solution","Delhi"," Delhi","Delhi",7,"2015-10-09 08:57:00","PROC_ROUTE_DEVIATION_ALERT",,,"N",0,1
160667,"1533","0682066093","2015-10-09 07:59:27","2015-10-09 08:09:52","0.23 Km. SE From BIJWASAN TERMINAL","Delhi"," Delhi","Delhi","0.30 Km. NW From DELHI TERMINAL","Delhi"," Delhi","Delhi",10,"2015-10-09 08:56:59","PROC_ROUTE_DEVIATION_ALERT",,,"N",0,1
160666,"1334","0682065577","2015-10-09 07:44:36","2015-10-09 07:53:08","0.27 Km. NE From Agni Insulations","Delhi"," Delhi","Delhi","0.12 Km. NW From Shiv Murti Mandir","Delhi"," Delhi","Delhi",8,"2015-10-09 08:55:01","PROC_ROUTE_DEVIATION_ALERT",,,"N",0,1
160665,"2659","0682065387","2015-10-09 06:56:52","2015-10-09 07:07:03","0.11 Km. SE From JALANDHAR TERMINAL","Jalandhar - I"," - I,"," I,Jalandhar-Punjab","0.09 Km. N From JALANDHAR TERMINAL","Jalandhar - I"," - I,"," I,Jalandhar-Punjab",10,"2015-10-09 08:53:10","PROC_ROUTE_DEVIATION_ALERT",,,"N",0,1
160664,"4863","0682065591","2015-10-09 08:10:42","2015-10-09 08:31:57","0.10 Km. NW From Dr. S. Alice","Banglore"," Banglore","Karnataka","0.16 Km. NW From Bellahalli Cross","Banglore"," Banglore","Karnataka",21,"2015-10-09 08:42:28","PROC_ROUTE_DEVIATION_ALERT",,,"N",0,1
160663,"2091","0682065013","2015-10-09 07:02:42","2015-10-09 07:11:24","0.04 Km. NE From JALANDHAR TERMINAL","Jalandhar - I"," - I,"," I,Jalandhar-Punjab","0.10 Km. N From JALANDHAR TERMINAL","Jalandhar - I"," - I,"," I,Jalandhar-Punjab",8,"2015-10-09 08:40:12","PROC_ROUTE_DEVIATION_ALERT",,,"N",0,1
160662,"2586","0682065584","2015-10-09 08:28:36","2015-10-09 08:34:58","0.09 Km. NW From Arjun Dhaba","Ludhiana (West)"," Ludhiana","Punjab","0.11 Km. SW From B. K. Die Steel Industries","Ludhiana (West)"," Ludhiana","Punjab",6,"2015-10-09 08:39:16","PROC_ROUTE_DEVIATION_ALERT",,,"N",0,1
160661,"1349","0682065656","2015-10-09 07:15:38","2015-10-09 07:29:10","0.26 Km. SE From BIJWASAN TERMINAL","Delhi"," Delhi","Delhi","0.02 Km. NE From DELHI TERMINAL","Delhi"," Delhi","Delhi",13,"2015-10-09 08:33:53","PROC_ROUTE_DEVIATION_ALERT",,,"N",0,1
160660,"1567","0682064151","2015-10-09 07:47:04","2015-10-09 08:06:53","0.14 Km. NE  From Municipal Corporation Of Delhi , Beholpur Bhangar",", Beholpur Bhangar;","  Beholpur Bhangar;Delhi,Delhi","Delhi","0.10 Km. NE  From Municipal Corporation Of Delhi , Beholpur Bhangar",", Beholpur Bhangar;","  Beholpur Bhangar;Delhi,Delhi","Delhi",19,"2015-10-09 08:27:00","PROC_ROUTE_DEVIATION_ALERT",,,"N",0,1
160659,"1567","0682064151","2015-10-09 07:03:56","2015-10-09 07:08:56","0.21 Km. N From Agni Insulations","Delhi"," Delhi","Delhi","0.19 Km. NE From Amrit Seair Express Pvt. Ltd","Delhi"," Delhi","Delhi",5,"2015-10-09 08:26:58","PROC_ROUTE_DEVIATION_ALERT",,,"N",0,1
160658,"1402","0682065292","2015-10-09 07:19:00","2015-10-09 07:25:00","0.20 Km. N From Agni Insulations","Delhi"," Delhi","Delhi","0.05 Km. N  From New Laxmi Sweets , Pushpanjali Farms",", Pushpanjali Farms;","  Pushpanjali Farms;Delhi,Delhi","Delhi",6,"2015-10-09 08:21:21","PROC_ROUTE_DEVIATION_ALERT",,,"N",0,1
160657,"1345","0682065510","2015-10-09 07:03:39","2015-10-09 07:14:07","0.13 Km. SE From BIJWASAN TERMINAL","Delhi"," Delhi","Delhi","0.05 Km. NW From DELHI TERMINAL","Delhi"," Delhi","Delhi",10,"2015-10-09 08:20:54","PROC_ROUTE_DEVIATION_ALERT",,,"N",0,1
160656,"1993","0682065570","2015-10-09 07:00:55","2015-10-09 07:15:40","0.21 Km. SE From BIJWASAN TERMINAL","Delhi"," Delhi","Delhi","0.03 Km. N From DELHI TERMINAL","Delhi"," Delhi","Delhi",14,"2015-10-09 08:18:09","PROC_ROUTE_DEVIATION_ALERT",,,"N",0,1
160655,"1513","0682065411","2015-10-09 07:47:25","2015-10-09 07:54:56","0.11 Km. E From Shiv Mandir","Delhi"," Delhi","Delhi","0.30 Km. SE  From Fire Station , Chilla Sarda Bangar",", Chilla Sarda Bangar;","  Chilla Sarda Bangar;Delhi,Delhi","Delhi",7,"2015-10-09 08:08:38","PROC_ROUTE_DEVIATION_ALERT",,,"N",0,1
160654,"1421","0682065700","2015-10-09 07:09:18","2015-10-09 07:21:58","0.12 Km. SE From BIJWASAN TERMINAL","Delhi"," Delhi","Delhi","0.05 Km. N From DELHI TERMINAL","Delhi"," Delhi","Delhi",12,"2015-10-09 08:02:55","PROC_ROUTE_DEVIATION_ALERT",,,"N",0,1
160653,"1344","0682065659","2015-10-09 07:14:04","2015-10-09 07:19:04","0.22 Km. N From Agni Insulations","Delhi"," Delhi","Delhi","0.19 Km. NE From Amrit Seair Express Pvt. Ltd","Delhi"," Delhi","Delhi",5,"2015-10-09 07:40:41","PROC_ROUTE_DEVIATION_ALERT",,,"N",0,1
